"Artist Name","Members","Country","Label","Spotify Artist ID","Genre","Subgenres"
"13th monkey","Unbekannt","DE","Hands Productions","6nImM4xGCpvaSYBsus7MNK","Dark Electro","[""Rhythmic Noise"", ""Industrial"", ""Electronic Body Music""]"
"14anger","Unbekannt","FR","Ant Zen","6fGgAfxmKs4Fm39wK75IIj","Dark Electro","[""Industrial"", ""Rhythmic Noise"", ""Dark Electro""]"
"16pad noise terrorist","Unbekannt","DE","Hands Productions","3iywIYJSEqlX1YUYa6kGOu","Dark Electro","[""Rhythmic Noise"", ""Industrial"", ""Dark Electro""]"
"16Volt","Eric Powell","US","Metropolis Records","4xhhi5wPHqN5vcYhUq1Jim","Crossover","[""Industrial Metal"", ""Industrial"", ""Neue Deutsche Härte""]"
"32CRASH","Jean-Luc De Meyer, Len Lemeire, Jan D'Hooghe","BE","Alfa Matrix","2qITQBVfULmyxAhzncM1qj","Dark Electro","[""Electronic Body Music"", ""Electro Industrial"", ""Dark Electro""]"
"3D Stas","Stanislav","RU","FiXT","0oNJiBJkV316NeAeoHnnHK","Crossover","[""Darksynth"", ""Industrial Metal"", ""Cybergoth""]"
"3FORCE","Gancher & Ruin, Eyescream","RU","FiXT","3t0v2PRYA41acAC7z17tSm","Crossover","[""Darksynth"", ""Industrial Techno"", ""Dark Techno""]"
"3teeth","Alexis Mincolla, Chase Brawner, Xavier Swafford","US","Artoffact Records","4GHi4xklo0FT0l2CNuLFh2","Crossover","[""Industrial Metal"", ""Industrial"", ""Neue Deutsche Härte""]"
"400 Lonely Things","Craig Varian","US","Cold Spring","4NYJBj4Wf3lmUa6Zt0oQTZ","Gothic","[""Ritual Ambient"", ""Dark Wave"", ""Neoklassik""]"
"5f_55","Unbekannt","DE","Hands Productions","4KQVwDuuxQITqsxdyew8PH","Dark Electro","[""Rhythmic Noise"", ""Industrial"", ""Dark Electro""]"
"5f-x","Unbekannt","DE","Hands Productions","0W7ZRrrSV7wHBS0no21j7o","Dark Electro","[""Rhythmic Noise"", ""Industrial"", ""Dark Electro""]"
"808 State","Graham Massey, Andrew Barker","UK","Artoffact Records","7hFdUW64G4iU1tz46ITRfN","Crossover","[""Industrial Techno"", ""Dark Techno"", ""Darkstep""]"
"A Kiss Could Be Deadly","Unbekannt","US","Metropolis Records","2TB0wZDzT37eaTFB53K0LS","Dark Electro","[""Electro Industrial"", ""Dark Electro"", ""Aggrotech""]"
"A Pale Moon","Unbekannt","DE","Danse Macabre","5MfbsyRZEGS78TS0Uauy10","Gothic","[""Dark Wave"", ""Cold Wave"", ""Post Punk""]"
"A Primitive Evolution","Brett Carruthers, Stephany Seki, Stuart White","CA","Metropolis Records","1yrkth0uppjyrUaHDqr0qM","Gothic","[""Post Punk"", ""Dark Wave"", ""Cold Wave""]"
"A Projection","Unbekannt","SE","Metropolis Records","40EsdChhIP1ZT9RYOcfUI0","Gothic","[""Post Punk"", ""Dark Wave"", ""Cold Wave""]"
"A.T.Mödell","Unbekannt","DE","Danse Macabre","1f1Rv61ywrqugUa5wYod1G","Dark Electro","[""Electro Industrial"", ""Dark Electro"", ""Industrial""]"
"A-X-Amun","Unbekannt","DE","Danse Macabre","58QHk1y6TVV2ICgSUczD7Q","Dark Electro","[""Electro Industrial"", ""Electronic Body Music"", ""Dark Electro""]"
"Abbie Falls","Unbekannt","CZ","Out of Line","5nSlRGZqJVAORU3SsSD0YU","Gothic","[""Dark Wave"", ""Post Punk"", ""Cold Wave""]"
"Ab Ovo","Unbekannt","FR","Ant Zen","1I3Mdja6Bp376xCx4bmOoO","Dark Electro","[""Industrial"", ""Rhythmic Noise"", ""Dark Electro""]"
"Abu Nein","Henric de la Cour","SE","Progress Productions","3Iu1DhCKeTHcOl9EJUrFpd","Dark Electro","[""Dark Synthpop"", ""Electro Industrial"", ""Future Pop""]"
"Accessory","Dirk Steyer","DE","Metropolis Records","0Z8Jfh6OHa55AI6NdEjtUk","Dark Electro","[""Future Pop"", ""Electro Industrial"", ""Dark Synthpop""]"
"Accolade","Unbekannt","DE","Danse Macabre","2dIqqZbIp2fDKfPJa5zXyg","Gothic","[""Dark Wave"", ""Post Punk"", ""Cold Wave""]"
"Ace Marino","Unbekannt","US","FiXT","3nbnvRGvveekypJ0FJ3RPb","Crossover","[""Darksynth"", ""Industrial Metal"", ""Cybergoth""]"
"Acretongue","Unbekannt","ZA","Metropolis Records","0f4xlyyJK70M1E1TpmORuV","Dark Electro","[""Aggrotech"", ""Dark Electro"", ""Electro Industrial""]"
"ACTORS","Jason Corbett, Shannon Hemmett, Kendall Wooding, Adam Fink","CA","Artoffact Records","2Gs4t6zBT69DSluLvaEBWK","Gothic","[""Post Punk"", ""Cold Wave"", ""Dark Wave""]"
"Acylum","Pedro Engel","DE","Alfa Matrix","2dXmVYqg3jWUmkv7j4aWyb","Dark Electro","[""Aggrotech"", ""Dark Electro"", ""Harsh EBM""]"
"Adam X","Adam Mitchell","US","Alfa Matrix","0KF9fFZ5N56GHFd9AmBLmJ","Crossover","[""Industrial Techno"", ""Dark Techno"", ""Industrial Metal""]"
"adjacency pair","Unbekannt","DE","Hands Productions","","Dark Electro","[""Rhythmic Noise"", ""Industrial"", ""Dark Electro""]"
"admx-71","Adam X","US","Hands Productions","5PLsPCH3bMgkZ5tCq73Wyk","Crossover","[""Industrial Techno"", ""Dark Techno"", ""Darkstep""]"
"Adrian H.","Adrian H","US","Danse Macabre","7DiZmduPe5G2eKgvTbHftn","Gothic","[""Dark Wave"", ""Cold Wave"", ""Post Punk""]"
"Aesthetic Perfection","Daniel Graves","US","Out of Line","1Jgp0YCPHCJx5XD7nlfGVN","Dark Electro","[""Aggrotech"", ""Electro Industrial"", ""Dark Electro""]"
"Aeternitas","Unbekannt","DE","Danse Macabre","3TYuNFdUzcXvc9aSdg3Dy3","Metal","[""Gothic Metal"", ""Symphonic Metal"", ""Dark Metal""]"
"Aghast View","Unbekannt","BR","Alfa Matrix","3E2LZvj9La8BQdHoMj8PRI","Dark Electro","[""Electro Industrial"", ""Electronic Body Music"", ""Dark Electro""]"
"Agnis","Heiko Lachmann","DE","Darktunes","6uqMyyNvVciF3OYQgCWlRR","Dark Electro","[""Industrial"", ""Rhythmic Noise"", ""Dark Electro""]"
"Agonised by Love","Unbekannt","PL","Alfa Matrix","0DkUlUOzFcGfWVYD6M5IO2","Gothic","[""Neoklassik"", ""Dark Wave"", ""Ethereal Wave""]"
"ah cama-sotz","Herman Klapholz","BE","Hands Productions","4TCYARFcOs2eurLqtUOOJF","Crossover","[""Death Industrial"", ""Industrial"", ""Rhythmic Noise""]"
"Ahnst Anders","Unbekannt","DE","Ant Zen","0rdWOeA3quUqBUhUQ66mpx","Dark Electro","[""Rhythmic Noise"", ""Industrial"", ""Dark Electro""]"
"!AïBoFoRcEn","Unbekannt","BE","Alfa Matrix","5ZFnsgx7UU5prM2HOUzZRQ","Dark Electro","[""Electro Industrial"", ""Electronic Body Music"", ""Dark Electro""]"
"Ali Campbell","Ali Campbell","UK","Metropolis Records","0gYuavkgXQapJXmASabd2o","Gothic","[""Dark Wave"", ""Post Punk"", ""Cold Wave""]"
"Alice in Videoland","Unbekannt","SE","Artoffact Records","6QNJlkUN2AijdGBQvBwFPj","Dark Electro","[""Dark Synthpop"", ""Future Pop"", ""Electro Industrial""]"
"Alien Vampires","Nysrok Alien, Nightstalker","IT","Alfa Matrix","2ucBekSuu3VZ5whk4klq1F","Dark Electro","[""Harsh EBM"", ""Aggrotech"", ""Dark Electro""]"
"Alison Moyet","Alison Moyet","UK","Metropolis Records","0s0rOb0gT2S9N0SDcjtPC4","Gothic","[""Dark Wave"", ""Post Punk"", ""Cold Wave""]"
"Alura","Unbekannt","UK","Out of Line","5UbieAXGfZvPmsbbvdb3Xc","Dark Electro","[""Future Pop"", ""Dark Synthpop"", ""Electro Industrial""]"
"ambassador21","Natasha A Twentyone, Alexey Protasov","BY","Hands Productions","2y3AKmpisJLjpJ7JRIt43I","Dark Electro","[""Industrial"", ""Rhythmic Noise"", ""Dark Electro""]"
"Amduscia","Polo, Edgar","MX","Out of Line","3nasc5I5Nmzq7KgKENcetM","Dark Electro","[""Aggrotech"", ""Dark Electro"", ""Harsh EBM""]"
"amGod","Dominik","DE","Alfa Matrix","4tctJ2kfdvJerH3JuTSAqf","Dark Electro","[""Industrial"", ""Rhythmic Noise"", ""Dark Electro""]"
"Amore Ad Lunam","Unbekannt","RU","Darktunes","7lpcWlSxNGyJrEkE4JV5M5","Gothic","[""Dark Wave"", ""Ethereal Wave"", ""Cold Wave""]"
"anarchotech","Unbekannt","DE","Hands Productions","4meWL9SXc7v6yNvQ3oHcMA","Dark Electro","[""Rhythmic Noise"", ""Industrial"", ""Dark Electro""]"
"Ancient Methods","Michael Wollenhaupt","DE","aufnahme + wiedergabe","2kWRgcJHbgSEAIgewkJ1g2","Crossover","[""Industrial Techno"", ""Dark Techno"", ""Darkstep""]"
"And One","Steve Naghavi","DE","Out of Line","6OAueBADydAjR5lP5NqTvv","Dark Electro","[""Electro Industrial"", ""Dark Synthpop"", ""Electronic Body Music""]"
"Andi","Andi Harriman","US","aufnahme + wiedergabe","1gtR0bQlYgOMoGHRaYDZar","Gothic","[""Dark Wave"", ""Cold Wave"", ""Post Punk""]"
"Angels & Agony","Unbekannt","NL","Metropolis Records","50ve8lBAG1M315OHj41vty","Dark Electro","[""Future Pop"", ""Electro Industrial"", ""Dark Synthpop""]"
"Angelspit","Zoog Von Rock","US","Metropolis Records","7Coo58A8U3BCpCl4nQ3pda","Crossover","[""Industrial Metal"", ""Cybergoth"", ""Industrial""]"
"angina p","Unbekannt","DE","Hands Productions","4vKHpvSg7gg03I8e5CGxNm","Dark Electro","[""Industrial"", ""Rhythmic Noise"", ""Dark Electro""]"
"Anni Hogan","Anni Hogan","UK","Cold Spring","5plKjSrV223QYQCzupNDGA","Gothic","[""Dark Wave"", ""Neoklassik"", ""Ethereal Wave""]"
"Antigen Shift","Unbekannt","CA","Artoffact Records","4r33PRzkWOOWXayZrwJtAW","Dark Electro","[""Electro Industrial"", ""Electronic Body Music"", ""Dark Electro""]"
"Antibody","Unbekannt","DE","Darktunes","3FS65UMgc6stD2PLYYmt86","Dark Electro","[""Electro Industrial"", ""Electronic Body Music"", ""Dark Electro""]"
"Apnoie","Unbekannt","RU","Darktunes","3HnkksErqUwBlTU3S7bGFb","Dark Electro","[""Rhythmic Noise"", ""Industrial"", ""Dark Electro""]"
"Apoptygma Berzerk","Stephan Groth","NO","Metropolis Records","3OHbToMuJihWhRcqzKjpBd","Dark Electro","[""Future Pop"", ""Electro Industrial"", ""Dark Synthpop""]"
"Argyle Park","Klayton, Buka","US","FiXT","2IIRfan7YtrHcldR6G8EmM","Crossover","[""Industrial Metal"", ""Darksynth"", ""Cybergoth""]"
"Ari Mason","Ari Mason","US","Negative Gain Productions","0V8zk3mDbTH54fs1bdqx8y","Gothic","[""Dark Wave"", ""Cold Wave"", ""Post Punk""]"
"Arise-X","Unbekannt","DE","Danse Macabre","1aM5UNDlRJAlXun0MuB7RH","Dark Electro","[""Electro Industrial"", ""Electronic Body Music"", ""Dark Electro""]"
"Army of The Universe","Unbekannt","IT","Metropolis Records","1qo5YUcnAuIcq0yOVce6kk","Crossover","[""Industrial Metal"", ""Industrial"", ""Dark Electro""]"
"Arogya","Unbekannt","IN","Out of Line","5om5zGAydXS98TKj1zDAz8","Dark Electro","[""Industrial"", ""Rhythmic Noise"", ""Dark Electro""]"
"Ascii.Disko","Daniel Holc","DE","Metropolis Records","3ryQXfij07gcxeck68pBEx","Dark Electro","[""Dark Synthpop"", ""Electro Industrial"", ""Electronic Body Music""]"
"Ash Code","Alessandro Belluccio, Claudia Nottebella, Adriano Belluccio","IT","Metropolis Records","5RgEBlZV41hfY0KgUDiQvy","Gothic","[""Post Punk"", ""Dark Wave"", ""Cold Wave""]"
"Ashbury Heights","Anders Hagström","SE","Out of Line","3rclGaNhwMNMcU2GkN91j9","Dark Electro","[""Future Pop"", ""Dark Synthpop"", ""Electro Industrial""]"
"Ashen","Unbekannt","FR","Out of Line","4TWxrcU01F0lB1PQlcFeHe","Gothic","[""Dark Wave"", ""Cold Wave"", ""Post Punk""]"
"Ashes'N'Android","Unbekannt","DE","Darktunes","","Dark Electro","[""Industrial"", ""Rhythmic Noise"", ""Dark Electro""]"
"Assemblage 23","Tom Shear","US","Metropolis Records","7pwThElmrxl0pjTwXMojCx","Dark Electro","[""Future Pop"", ""Electro Industrial"", ""Dark Synthpop""]"
"Astari Nite","Mychael Ghost","US","Danse Macabre","1Kct3q55cU3hJXomNTjMGo","Gothic","[""Dark Wave"", ""Post Punk"", ""Cold Wave""]"
"Atlas Plug","Tom Salta","US","FiXT","39ZK2Yf7SuSmYONbsmDEfv","Crossover","[""Darksynth"", ""Industrial Metal"", ""Industrial Techno""]"
"Attrition","Martin Bowes","UK","Metropolis Records","3kQJc2yt98pbSLm3uIgDS2","Gothic","[""Gothic Rock"", ""Dark Wave"", ""Post Punk""]"
"Aube","Akifumi Nakajima","JP","Ant Zen","6V394G6torkxVfqL39qEgK","Dark Electro","[""Industrial"", ""Rhythmic Noise"", ""Dark Electro""]"
"Aurora View","Unbekannt","DE","Out of Line","4MkU5wBIKoNteEBqXTpMuA","Gothic","[""Dark Wave"", ""Cold Wave"", ""Ethereal Wave""]"
"Auto Aggression","Unbekannt","DE","Dependent Records","4W7yHOrNQIUz26DdylxoJi","Dark Electro","[""Electronic Body Music"", ""Electro Industrial"", ""Dark Electro""]"
"Avarice In Audio","Jade, Gerry","AU","Alfa Matrix","09NQhIyhURK6VGcVWB12Tw","Dark Electro","[""Electro Industrial"", ""Future Pop"", ""Dark Synthpop""]"
"Ayria","Jennifer Parkin","CA","Artoffact Records","4BTJnYa0TMqVLjAJ0yFoOE","Dark Electro","[""Future Pop"", ""Electro Industrial"", ""Dark Synthpop""]"
"BAAL","Unbekannt","DE","Metropolis Records","5OIXzogZi85GrRqWR1Uw9v","Gothic","[""Dark Wave"", ""Neue Deutsche Todeskunst"", ""Cold Wave""]"
"Babylon Will Fall","Unbekannt","DE","Dark Dimensions","6GWCMhljrqaMF0VNUAx3Y1","Dark Electro","[""Industrial"", ""Rhythmic Noise"", ""Dark Electro""]"
"Babyland","Dan Gatto, Michael Smith","US","Metropolis Records","1D9DcIUAR0jiSrMsTui1i7","Crossover","[""Industrial Metal"", ""Industrial"", ""Rhythmic Noise""]"
"BackAndToTheLeft","Unbekannt","US","Metropolis Records","3yCyiP8FKICsKe8Kys3HzI","Dark Electro","[""Electro Industrial"", ""Electronic Body Music"", ""Dark Electro""]"
"Balance Breach","Unbekannt","FI","Out of Line","2sy77oZSFj4hGs76OQIsgK","Dark Electro","[""Electronic Body Music"", ""Electro Industrial"", ""Dark Electro""]"
"Balduvian Bears","Unbekannt","DE","Darktunes","3dqKVOPmzsGi6qdEOxaGP9","Gothic","[""Ritual Ambient"", ""Dark Wave"", ""Neofolk""]"
"Barry Adamson","Barry Adamson","UK","Cold Spring","4xoV3kh3rwrWaPc17zyDyY","Gothic","[""Post Punk"", ""Dark Wave"", ""Cold Wave""]"
"BASSCALATE","Unbekannt","DE","Darktunes","1J5ENyZsMZghTi3RlOe9uo","Dark Electro","[""Harsh EBM"", ""Aggrotech"", ""Rhythmic Noise""]"
"Basszilla","Unbekannt","RU","Darktunes","2bYtbCWcRciSMmPlSTF0Di","Dark Electro","[""Rhythmic Noise"", ""Industrial"", ""Dark Electro""]"
"Batboner","Unbekannt","DE","Danse Macabre","2A85tufUC5uZKfyfhqYelz","Dark Electro","[""Electro Industrial"", ""Electronic Body Music"", ""Dark Electro""]"
"Battery Cage","Unbekannt","US","Metropolis Records","5qbU43E3GLxi1Vopp7l0NM","Dark Electro","[""Electro Industrial"", ""Dark Electro"", ""Aggrotech""]"
"Bauhaus","Peter Murphy, Daniel Ash, Kevin Haskins, David J","UK","Metropolis Records","5N5tQ9Dx1h8Od7aRmGj7Fi","Gothic","[""Gothic Rock"", ""Post Punk"", ""Batcave"", ""Deathrock""]"
"Beati Mortui","Unbekannt","FI","Danse Macabre","6Q80Bdql2Fbsi39cemMxNC","Gothic","[""Dark Wave"", ""Cold Wave"", ""Gothic Rock""]"
"Beborn Beton","Stefan Netschio, Stefan Tillmann, Michael B. Wagner","DE","Dependent Records","1DsA0Dbq7WvsNkZZlrRZuz","Dark Electro","[""Dark Synthpop"", ""Electro Industrial"", ""Future Pop""]"
"Becko","Marco Calanca","IT","FiXT","6Vu1oZl4ozrU6zqdidyCMU","Crossover","[""Darksynth"", ""Industrial Metal"", ""Cybergoth""]"
"Bedless Bones","Kadri Sammel","EE","Metropolis Records","0lUq5d4UJLbjXonBRf2zgF","Gothic","[""Dark Wave"", ""Neofolk"", ""Cold Wave""]"
"Being As An Ocean","Joel Quartuccio, Tyler Ross, Michael McGough, Ralph Sica","US","Out of Line","7ML9AQvVVE3c5m0sx1PlmP","Metal","[""Gothic Metal"", ""Death Doom"", ""Dark Metal""]"
"Bella Morte","Andy Deane","US","Metropolis Records","2SyimynlSU0Oii7p3NYtSV","Gothic","[""Gothic Rock"", ""Deathrock"", ""Dark Wave""]"
"Bellanox Mystery","Unbekannt","DE","Danse Macabre","2WwVR0OULIPoSjFYcj7zjg","Gothic","[""Dark Wave"", ""Cold Wave"", ""Post Punk""]"
"Berliner Bomben Chor","Unbekannt","DE","Danse Macabre","","Dark Electro","[""Industrial"", ""Electronic Body Music"", ""Rhythmic Noise""]"
"BESTIAL MOUTHS","Lynette Cerezo","US","Negative Gain Productions","0vHo9GceFuSSJjSbF49Uzt","Gothic","[""Dark Wave"", ""Cold Wave"", ""Post Punk""]"
"Betraying The Martyrs","Unbekannt","FR","Out of Line","4tEWLl4loWFLgs25trNnro","Metal","[""Gothic Metal"", ""Death Doom"", ""Dark Metal""]"
"Binary Division","Unbekannt","DE","Darktunes","0zVagS46EI6aDwKilf1onT","Dark Electro","[""Rhythmic Noise"", ""Industrial"", ""Dark Electro""]"
"Binary Park","Unbekannt","DE","Metropolis Records","2ajlVatyUeVIlfZmaWnp8Q","Dark Electro","[""Future Pop"", ""Electro Industrial"", ""Dark Synthpop""]"
"Biomekkanik","Christer Hermodsson","SE","Danse Macabre","6woDROgS1cDnpELgvpWYET","Dark Electro","[""Electronic Body Music"", ""Electro Industrial"", ""Dark Electro""]"
"Biopsy","Unbekannt","BR","Alfa Matrix","6JNFQmQTsHSQZSlBbYveV2","Dark Electro","[""Rhythmic Noise"", ""Industrial"", ""Dark Electro""]"
"Black Asteroid","Bryan Black","US","Artoffact Records","4O955Sa65L8MfJa8hg8q0F","Crossover","[""Industrial Techno"", ""Dark Techno"", ""Darkstep""]"
"Black Light Discipline","Unbekannt","FI","Danse Macabre","4jiOX22ODaEV0L5sVRF0Pw","Dark Electro","[""Electronic Body Music"", ""Electro Industrial"", ""Dark Electro""]"
"Black Nail Cabaret","Emese Arvai-Illes, Krisztian Arvai","HU","Dependent Records","1PT6vR9L8YA8qKymXfAnRl","Gothic","[""Dark Wave"", ""Dark Synthpop"", ""Cold Wave""]"
"Black Needle Noise","John Fryer","US","COP International","3KkYK2dnIfRb9EDrCRndB6","Gothic","[""Dark Wave"", ""Ethereal Wave"", ""Gothic Rock""]"
"Black Tape For A Blue Girl","Sam Rosenthal","US","Metropolis Records","2LM56NUYjaQzmYyQkZjBlZ","Gothic","[""Dark Wave"", ""Ethereal Wave"", ""Neoklassik""]"
"Blackbook","Unbekannt","CH","Darktunes","3gjygQY5Q2P3b5F1ZIP0Dj","Dark Electro","[""Industrial"", ""Rhythmic Noise"", ""Dark Electro""]"
"Blackcarburning","Mark Hockings","UK","COP International","6g0BqhRJMuLBMP3OANy4co","Gothic","[""Gothic Rock"", ""Post Punk"", ""Dark Wave""]"
"blac kolor","Hendrik Grothe","DE","Hands Productions","0JMPJMgHxX0XF2j02suPjZ","Crossover","[""Industrial Techno"", ""Dark Techno"", ""Darkstep""]"
"Blame Me!","Unbekannt","FI","Out of Line","5KKEJKZo0CnjcFwjsRxNqd","Dark Electro","[""Electronic Body Music"", ""Electro Industrial"", ""Dark Electro""]"
"Blind Channel","Joel Hokka, Niko Moilanen, Joonas Porko, Olli Matela, Tommi Lalli, Aleksi Kaunisvesi","FI","Out of Line","3L58J6a7f0jyy2p6f3MSAs","Crossover","[""Industrial Metal"", ""Neue Deutsche Härte"", ""Cybergoth""]"
"Blind Effects","Unbekannt","DE","Danse Macabre","5DyTWZLvj2dFOQWuUcVFv8","Dark Electro","[""Electro Industrial"", ""Electronic Body Music"", ""Dark Electro""]"
"Blind Faith And Envy","Unbekannt","DE","Infacted Recordings","1AQFzL5wKz7GWkaU6Mcs5t","Dark Electro","[""Electro Industrial"", ""Electronic Body Music"", ""Dark Electro""]"
"Blitzmaschine","Unbekannt","DE","Danse Macabre","6QgTUcsgkYYymHqqvynfbV","Dark Electro","[""Electronic Body Music"", ""Electro Industrial"", ""Dark Electro""]"
"Bloodred Hourglass","Unbekannt","FI","Out of Line","5LDGgIxaWuRV4KlY6oob6b","Metal","[""Doom Metal"", ""Gothic Metal"", ""Dark Metal""]"
"Bloody Dead And Sexy","Rosa Iahn, Matias 13","DE","Dark Dimensions","47YmKMWnvn1TfBanzvAUTc","Dark Electro","[""Dark Electro"", ""Aggrotech"", ""Electro Industrial""]"
"Blue Stahli","Bret Autrey","US","FiXT","4DWnSG0RYPAds8EIKY26q3","Crossover","[""Industrial Metal"", ""Darksynth"", ""Cybergoth""]"
"Blush Response","Joey Blush","US","aufnahme + wiedergabe","3Mpl6q5GdubLhAFQsHLKGj","Dark Electro","[""Electro Industrial"", ""Dark Electro"", ""Industrial""]"
"Blutengel","Chris Pohl, Ulrike Goldmann","DE","Out of Line","2SRu9oxCg91Omb2yMFzttR","Gothic","[""Dark Wave"", ""Neue Deutsche Todeskunst"", ""Dark Synthpop"", ""Cold Wave""]"
"Boars","Unbekannt","DE","Darktunes","3YN632oQuzuUJqAMcBkXmD","Dark Electro","[""Industrial"", ""Rhythmic Noise"", ""Dark Electro""]"
"Bootblacks","Panther Almqvist","US","Artoffact Records","1TBjRSfTF73IxXTWJZDqjt","Gothic","[""Post Punk"", ""Dark Wave"", ""Cold Wave""]"
"Bornless Fire","Unbekannt","US","Metropolis Records","4LdsI8W2kH1u3QuJ1Y3SjA","Gothic","[""Dark Wave"", ""Gothic Rock"", ""Cold Wave""]"
"Bow Gamelan Ensemble","Unbekannt","UK","Cold Spring","4P08kzCmMwAYGt1lcO3dw0","Dark Electro","[""Industrial"", ""Rhythmic Noise"", ""Dark Electro""]"
"Breed Machine","Unbekannt","FR","Darktunes","6kEzPpPp6huP9KeySBeVXZ","Dark Electro","[""Electronic Body Music"", ""Electro Industrial"", ""Dark Electro""]"
"Brion Gysin","Brion Gysin","US","Cold Spring","5u9XTaNPsK03x6gCn2E54U","Dark Electro","[""Industrial"", ""Rhythmic Noise"", ""Dark Electro""]"
"Bruderschaft","DJ Rexx Arkana","US","Alfa Matrix","6pCn3f8YOHfOUcY2XBS0jE","Dark Electro","[""Electro Industrial"", ""Electronic Body Music"", ""Dark Electro""]"
"Bunnydrums","Unbekannt","US","Metropolis Records","6fxD6PJCIHZfLpdIPOYwbO","Gothic","[""Dark Wave"", ""Post Punk"", ""Gothic Rock""]"
"Burial Hex","Clay Ruby","US","Cold Spring","4bLf7x0ktSJ7QC8hBiJhHm","Gothic","[""Ritual Ambient"", ""Dark Wave"", ""Neofolk""]"
"Butzemann","Unbekannt","DE","Danse Macabre","48suX7NkqCc4IXFdxHJCsf","Gothic","[""Dark Wave"", ""Neue Deutsche Todeskunst"", ""Neofolk""]"
"C-Drone-Defect","Marc Horstmeier","DE","NoiTekk","3XQWGwIYsjZ8gnUxpeELji","Dark Electro","[""Electro Industrial"", ""Dark Electro"", ""Electronic Body Music""]"
"C.C.C.C.","Mayuko Hino, Hiroshi Hasegawa","JP","Cold Spring","718COspgdWOnwOFpJHRZHS","Dark Electro","[""Industrial"", ""Rhythmic Noise"", ""Dark Electro""]"
"Cabaret","Unbekannt","DE","Artoffact Records","66kJAiUBAMtGFt8R0CaFGz","Gothic","[""Dark Wave"", ""Gothic Rock"", ""Cold Wave""]"
"cacophoneuses","Unbekannt","FR","Hands Productions","7Miips58GScGEBzqfYZG08","Dark Electro","[""Industrial"", ""Rhythmic Noise"", ""Dark Electro""]"
"Cane Hill","Elijah Witt","US","Out of Line","0DZKzOGHDqGaf1N2pmsBRZ","Metal","[""Gothic Metal"", ""Death Doom"", ""Dark Metal""]"
"CANTERVICE","Unbekannt","US","FiXT","0k2bSz94pyhZ9YUpIPxTMo","Dark Electro","[""Industrial"", ""Electro Industrial"", ""Dark Electro""]"
"Cardinal Noire","Unbekannt","FI","Artoffact Records","7wVgyOC28Yfx6G30Tiov48","Dark Electro","[""Electronic Body Music"", ""Electro Industrial"", ""Dark Electro""]"
"CARRELLEE","Sarah Pray","US","Negative Gain Productions","20OwBs0wTduNSjuQP0SGr0","Gothic","[""Dark Wave"", ""Cold Wave"", ""Post Punk""]"
"Cassetter","Unbekannt","PL","FiXT","6rzOP8pWzUuXlniCGCtrcE","Crossover","[""Darksynth"", ""Industrial Techno"", ""Cybergoth""]"
"Cassandra Complex","Rodney Orpheus","UK","COP International","3NhBwiq1BSgJg7HMJPlwVT","Gothic","[""Gothic Rock"", ""Dark Wave"", ""Post Punk""]"
"Cat o'Nine","Unbekannt","DE","Danse Macabre","2peJDUAZ6i3e13Eyusy5JV","Gothic","[""Gothic Rock"", ""Dark Wave"", ""Post Punk""]"
"Cat Rapes Dog","Joel Rydström, Magnus Fransson","SE","Artoffact Records","1VohfJ3VBeTNblM4udW4DH","Dark Electro","[""Electronic Body Music"", ""Electro Industrial"", ""Dark Electro""]"
"Cathedral Bells","Matthew Messore","US","Artoffact Records","0a7RruzBySceAPGfmFZtQ2","Gothic","[""Gothic Rock"", ""Dark Wave"", ""Post Punk""]"
"CattaC","Unbekannt","DE","Darktunes","5t7hcK1ScsT3BuFwzigCaf","Dark Electro","[""Industrial"", ""Rhythmic Noise"", ""Dark Electro""]"
"Caustic","Matt Fanale","US","Negative Gain Productions","1q8pqceN1XqkdsJ93YxCUr","Dark Electro","[""Industrial"", ""Aggrotech"", ""Rhythmic Noise""]"
"Cedrik Fermont","Cedrik Fermont","CD","Ant Zen","7lUyWPwjZwkCdahGOnLfqR","Dark Electro","[""Industrial"", ""Rhythmic Noise"", ""Dark Electro""]"
"Cell Division","Unbekannt","DE","Danse Macabre","7kr1HdCBUN2DYfwwDO6P6O","Dark Electro","[""Industrial"", ""Rhythmic Noise"", ""Dark Electro""]"
"Celldweller","Klayton","US","FiXT","4BKyei61gtyDFxlKhcvBJJ","Crossover","[""Industrial Metal"", ""Darksynth"", ""Cybergoth""]"
"Cernunnos","Unbekannt","AR","Darktunes","39Rk2G4wTVmXPRI3OIoYak","Metal","[""Pagan Metal"", ""Gothic Metal"", ""Dark Metal""]"
"cervello elettronico","David Christian","US","Hands Productions","2NvVsdEqjJsuli9akI5gm5","Crossover","[""Industrial Techno"", ""Dark Techno"", ""Darkstep""]"
"Cetu Javu","Chris Demere","DE","Cleopatra Records","0Ii29zDQKo0MN9ULmVgJoI","Dark Electro","[""Dark Synthpop"", ""Electro Industrial"", ""Electronic Body Music""]"
"cEvin Key","Kevin Crompton","CA","Artoffact Records","5h7b6M62frh97O68HEneX1","Dark Electro","[""Industrial"", ""Electro Industrial"", ""Dark Electro""]"
"Chabtan","Unbekannt","FR","Darktunes","6nihJv43MlV1gKiJwhXwiw","Dark Electro","[""Industrial"", ""Rhythmic Noise"", ""Dark Electro""]"
"Chameleons","Mark Burgess, Reg Smithies","UK","Metropolis Records","4HLWX9kzfraiCsTvrxJEXm","Gothic","[""Post Punk"", ""Gothic Rock"", ""Dark Wave""]"
"Chernaya Rechka","Unbekannt","RU","Artoffact Records","2kTPOGDg98QiJLEmvWUlmn","Gothic","[""Post Punk"", ""Dark Wave"", ""Cold Wave""]"
"Chiasm","Emileigh Rohn","US","COP International","6EYewgLNqb3zWJd9HRHGIg","Dark Electro","[""Electro Industrial"", ""Dark Electro"", ""Electronic Body Music""]"
"Chimehours","Unbekannt","UK","Cold Spring","2QirPuDWkKeLD0c0jZrccu","Gothic","[""Ritual Ambient"", ""Dark Wave"", ""Ethereal Wave""]"
"CHOKE CHAIN","Mark Trueman","US","Negative Gain Productions","05Bn8DwUlvgCvMLnhcVxQ9","Dark Electro","[""Electro Industrial"", ""Aggrotech"", ""Dark Electro""]"
"Christ Vs. Warhol","Unbekannt","US","Danse Macabre","2c1ubGcLgTEH45ASSQyRU9","Dark Electro","[""Industrial"", ""Rhythmic Noise"", ""Dark Electro""]"
"Chrom","Christian Marquis, Thomas Winters","DE","Out of Line","2mV8aJphiSHYJf43DxL7Gt","Dark Electro","[""Electro Industrial"", ""Electronic Body Music"", ""Dark Electro""]"
"Chrysalide","Unbekannt","FR","Dependent Records","0hAJHiEjxL4KNvEgNzDebB","Dark Electro","[""Electro Industrial"", ""Dark Electro"", ""Electronic Body Music""]"
"Cima Muta","Unbekannt","DE","Darktunes","4aokV3tpiWfFKhutIt9GID","Dark Electro","[""Industrial"", ""Rhythmic Noise"", ""Dark Electro""]"
"Cinema Strange","Lucas Lanthier","US","Trisol","1rbA8kgsBFQLlwLfErsLIW","Gothic","[""Deathrock"", ""Batcave"", ""Gothic Rock"", ""Post Punk""]"
"Circle of Dust","Klayton","US","FiXT","60GtR6PIcDY1pikPgKHNk9","Crossover","[""Industrial Metal"", ""Darksynth"", ""Cybergoth""]"
"CIRCUIT PREACHER","Unbekannt","US","Darktunes","6gScKbAdCssjuT2lwdFBzO","Dark Electro","[""Industrial"", ""Electro Industrial"", ""Dark Electro""]"
"Claire Voyant","Victoria Lloyd","US","Metropolis Records","51dnWmy6IGp9FDFUV1Yfst","Gothic","[""Dark Wave"", ""Ethereal Wave"", ""Cold Wave""]"
"Clan of Xymox","Ronny Moorings","NL","Trisol","1wHmR7I0UlF58WFQexCPha","Gothic","[""Gothic Rock"", ""Dark Wave"", ""Cold Wave""]"
"Client","Katie Holmes, Sarah Blackwood","UK","Out of Line","3xZBpeXHkSjTKQIR1OeKN0","Dark Electro","[""Electronic Body Music"", ""Dark Synthpop"", ""Electro Industrial""]"
"Clockwork Spirit","Unbekannt","DE","Danse Macabre","6kheDNWOWHi7C7T9ZQsB6y","Dark Electro","[""Industrial"", ""Rhythmic Noise"", ""Dark Electro""]"
"Cloud Rat","Madison Marshall","US","Artoffact Records","6Fbes1fH0ZDS0XGjDx2YeG","Metal","[""Death Doom"", ""Dark Metal"", ""Doom Metal""]"
"clubdrugs","Unbekannt","CA","Artoffact Records","7vrRNsACRMUWrecv4hEmjL","Crossover","[""Dark Techno"", ""Industrial Techno"", ""Darkstep""]"
"Cocksure","Chris Connelly, Jason Novak","US","Metropolis Records","1pD1JKzCEp1S9dE7ATg2xI","Dark Electro","[""Industrial"", ""Electro Industrial"", ""Dark Electro""]"
"Codex Empire","Mahk Rumbae","AT","aufnahme + wiedergabe","0kG9fbMSeXKXLI5w6f9YXj","Dark Electro","[""Electro Industrial"", ""Electronic Body Music"", ""Dark Electro""]"
"Coil","John Balance, Peter Christopherson","UK","Cold Spring","4AGwPDdh1y8hochNzHy5HC","Crossover","[""Death Industrial"", ""Industrial"", ""Dark Techno""]"
"Cold Cold Ground","Unbekannt","FI","Danse Macabre","2z9rvr2F3q1wwNCcwWlc46","Gothic","[""Gothic Rock"", ""Dark Wave"", ""Cold Wave""]"
"Colony 5","P-O Svensson","SE","Infacted Recordings","0XB14ZHrZsqaWDJeQGLMem","Dark Electro","[""Future Pop"", ""Electro Industrial"", ""Dark Synthpop""]"
"Colossloth","Wooly","UK","Cold Spring","43ALFTXWGyFiFjzDRMv82a","Gothic","[""Ritual Ambient"", ""Dark Wave"", ""Neofolk""]"
"Comaduster","Réal Cardinal","CA","FiXT","7qiPN4EfYY3qZqZwaAKzN5","Dark Electro","[""Dark Electro"", ""Rhythmic Noise"", ""Industrial""]"
"Combichrist","Andy LaPlegua","NO","Out of Line","5556RAgwP70PnXbaUTGNbR","Dark Electro","[""Aggrotech"", ""Dark Electro"", ""Harsh EBM""]"
"Common Eider, King Eider","Rob Fisk","US","Cold Spring","4yPOM9iKDJzYHoeld2zXC8","Gothic","[""Neofolk"", ""Ritual Ambient"", ""Pagan Folk""]"
"Concrete/Rage","Unbekannt","DE","Danse Macabre","2AibDDQdiP2uc768u5VCl7","Dark Electro","[""Electronic Body Music"", ""Electro Industrial"", ""Dark Electro""]"
"Consvmer","Unbekannt","DE","Out of Line","1kJPCB066I6xZNqadwZx9C","Gothic","[""Dark Wave"", ""Post Punk"", ""Cold Wave""]"
"Coping Method","Unbekannt","US","FiXT","4uSRlTBx51YUK6acPGLLZs","Dark Electro","[""Electro Industrial"", ""Electronic Body Music"", ""Dark Electro""]"
"Corbeau Hangs","Unbekannt","US","Artoffact Records","03lz9QqEp5inePcLXnMlS0","Gothic","[""Dark Wave"", ""Post Punk"", ""Cold Wave""]"
"Corlyx","Caitlin Stokes, Brandon Ashley","UK","Negative Gain Productions","2K8LJm6DxnMVU6fQklN5Z5","Gothic","[""Dark Wave"", ""Gothic Rock"", ""Cold Wave""]"
"Corpus Delicti","Sebastien","FR","Dark Dimensions","7gS5jg683LHmjEY540cmH5","Gothic","[""Gothic Rock"", ""Dark Wave"", ""Post Punk""]"
"Corrupted","Unbekannt","JP","Cold Spring","04WXOquEyJfOkOsV1tTSdP","Metal","[""Doom Metal"", ""Death Doom"", ""Dark Metal""]"
"Cosma Nova","Unbekannt","DE","Danse Macabre","3T6mFeCeCahM05Y8bzzCwn","Gothic","[""Dark Wave"", ""Ethereal Wave"", ""Cold Wave""]"
"Covenant","Eskil Simonsson, Joakim Montelius","SE","Dependent Records","2F2932LEa8ahflK2xDYKWj","Dark Electro","[""Electro Industrial"", ""Future Pop"", ""Electronic Body Music""]"
"Crisk","Unbekannt","DE","Alfa Matrix","2c9XNXeNTCfQ38ciCi1yPr","Dark Electro","[""Electronic Body Music"", ""Electro Industrial"", ""Dark Electro""]"
"Croc Shop","Mick Hale","DE","Metropolis Records","70z9Mfwl2li9lEOk5pn7bp","Dark Electro","[""Electro Industrial"", ""Electronic Body Music"", ""Dark Electro""]"
"Cryo","Martin Rudefelt","SE","Progress Productions","4AGwPDdh1y8hochNzHy5HC","Dark Electro","[""Future Pop"", ""Electro Industrial"", ""Dark Synthpop""]"
"crystal geometry","Maxime Fabre","FR","Hands Productions","5Jia5DC6RgQpM5pa1LY4dW","Dark Electro","[""Rhythmic Noise"", ""Industrial"", ""Dark Electro""]"
"CULTTASTIC","Unbekannt","US","Negative Gain Productions","6JwuewykwniZF6wWRrHG5q","Dark Electro","[""Industrial"", ""Rhythmic Noise"", ""Dark Electro""]"
"Curse Mackey","Curse Mackey","US","Negative Gain Productions","0usgY8btlTK2oA5B2nxaSC","Dark Electro","[""Electro Industrial"", ""Dark Electro"", ""Industrial""]"
"Cyberaktif","Bill Leeb, cEvin Key","CA","Artoffact Records","16B17I8CNY5MjN9N63k289","Dark Electro","[""Electronic Body Music"", ""Electro Industrial"", ""Dark Electro""]"
"Cyborg Attack","Unbekannt","DE","NoiTekk","2r4a2sG0AmqMi6uiLPc8iO","Dark Electro","[""Aggrotech"", ""Harsh EBM"", ""Dark Electro""]"
"Cynical Existence","Fredrik Croona","SE","Alfa Matrix","5qAwuO6ajfrHLqCiCO7z5l","Dark Electro","[""Electro Industrial"", ""Future Pop"", ""Dark Synthpop""]"
"CZARINA","Vero Faye Kitsuné","ES","Darktunes","3iidbcDBg4BOBD5a927q0Q","Gothic","[""Dark Wave"", ""Cold Wave"", ""Post Punk""]"
"D. Carbone","Davide Carbone","IT","Ant Zen","0F82q1VFpAjo3rXD4U3p6C","Dark Electro","[""Industrial"", ""Rhythmic Noise"", ""Dark Electro""]"
"Daedric","Kristyn Hope","US","FiXT","7bPZIHM9End5CqPcCrOqBf","Crossover","[""Darksynth"", ""Industrial Metal"", ""Cybergoth""]"
"DaGeist","Unbekannt","FR","Danse Macabre","5U7iBUpmZeN9nAjYtezMYJ","Gothic","[""Dark Wave"", ""Neue Deutsche Todeskunst"", ""Cold Wave""]"
"Dance my Darling","Unbekannt","RU","Darktunes","5lQzo64rb1KHmk2UqG5QdZ","Gothic","[""Dark Wave"", ""Cold Wave"", ""Post Punk""]"
"Dancing Plague","Conor Knowles","US","Artoffact Records","4oJqMEXMl9AaEYqlFk4UgY","Gothic","[""Post Punk"", ""Dark Wave"", ""Cold Wave""]"
"Dark Drive Clinic","Unbekannt","US","COP International","","Dark Electro","[""Electro Industrial"", ""Dark Electro"", ""Industrial""]"
"Dark Side Eons","Unbekannt","PL","Darktunes","4UMZ1Ur6MLXUVbm92SJJFC","Gothic","[""Dark Wave"", ""Cold Wave"", ""Post Punk""]"
"Darkcell","Jesse Dracman","AU","Darktunes","0DjpT3SNCqLQlHSGPD51Tp","Dark Electro","[""Dark Electro"", ""Aggrotech"", ""Electro Industrial""]"
"Das Ich","Bruno Kramm, Stefan Ackermann","DE","Danse Macabre","7LhCMNjTNM9R2a0fajH9l8","Gothic","[""Neue Deutsche Todeskunst"", ""Dark Wave"", ""Neoklassik""]"
"Das letzte Lager","Unbekannt","DE","Danse Macabre","2eJpuv6XxGXAKe06X9wReB","Gothic","[""Dark Wave"", ""Neue Deutsche Todeskunst"", ""Cold Wave""]"
"Data Void","Don Gordon","CA","Metropolis Records","4vZdncrNRT0EFC3Tvm4D1q","Dark Electro","[""Electro Industrial"", ""Electronic Body Music"", ""Dark Electro""]"
"Dave Ball","Dave Ball","UK","Cold Spring","5TmkEFNzqJ45bYY6sliDSZ","Dark Electro","[""Dark Synthpop"", ""Electronic Body Music"", ""Electro Industrial""]"
"Dawn of Ashes","Kristof Bathory","US","NoiTekk","35Uzsa9o0tZkdC4ZBtXuNV","Crossover","[""Industrial Metal"", ""Death Industrial"", ""Industrial""]"
"DEAD LIGHTS","Richard van Kruysdijk, Nigel Wheeler","UK","Darktunes","5POkjbRYBWVsN4lDMFGFfM","Dark Electro","[""Industrial"", ""Rhythmic Noise"", ""Dark Electro""]"
"Dead Quiet","Kevin Keegan","CA","Artoffact Records","5zNDL3ziMKzDJ73D5jZYXS","Metal","[""Doom Metal"", ""Death Doom"", ""Dark Metal""]"
"Dead When I Found Her","Michael Arthur Holloway","US","Artoffact Records","0gBm2aEXTuXG0y5cctBIO7","Gothic","[""Dark Wave"", ""Ethereal Wave"", ""Cold Wave""]"
"DEADLIFE","Unbekannt","UK","FiXT","6YAOorJSNGWyH8m9N7cDeX","Crossover","[""Darksynth"", ""Industrial Metal"", ""Cybergoth""]"
"Deathless Legacy","Steva Deathless","IT","Danse Macabre","1syX6SCTjW1fku8iUyQm2r","Metal","[""Gothic Metal"", ""Symphonic Metal"", ""Dark Metal""]"
"Decoded Feedback","Marco Ciani, Yone Dudas","CA","Dependent Records","0FygehkbRf5gdMQOfEOXxO","Dark Electro","[""Electro Industrial"", ""Electronic Body Music"", ""Dark Electro""]"
"Decree","Chris Peterson","CA","Artoffact Records","4U1MwcyckbCmaIBKw9wbmm","Dark Electro","[""Electro Industrial"", ""Electronic Body Music"", ""Dark Electro""]"
"Defence Mechanism","Unbekannt","DE","Danse Macabre","57YYVmZL4pwu2tKGpjzlaU","Dark Electro","[""Industrial"", ""Rhythmic Noise"", ""Dark Electro""]"
"Delerium","Bill Leeb, Rhys Fulber","CA","Metropolis Records","0IUq1plF3ON4Fboj1bE6kN","Gothic","[""Ethereal Wave"", ""Dark Wave"", ""Neoklassik""]"
"Delica-M","Unbekannt","DE","Danse Macabre","6FTztyDV3UZxo4oiFSsKOV","Gothic","[""Dark Wave"", ""Cold Wave"", ""Post Punk""]"
"Demoncast","Unbekannt","DE","Danse Macabre","6NOeOFqHfskUEE8xZYldMz","Dark Electro","[""Industrial"", ""Rhythmic Noise"", ""Dark Electro""]"
"Dero Goi","Dero Goi","DE","Dependent Records","4oT317XjfNqi7Iv2VLTrDV","Crossover","[""Neue Deutsche Härte"", ""Industrial Metal"", ""Cybergoth""]"
"Desdemona","Unbekannt","PL","Danse Macabre","5DVHqbc9A58vDmtMsiQl5K","Gothic","[""Gothic Rock"", ""Dark Wave"", ""Post Punk""]"
"Desert Mountain Tribe","Jonty Balls","UK","Metropolis Records","3rcezPbzDaYldMSDgqgDMw","Gothic","[""Gothic Rock"", ""Dark Wave"", ""Post Punk""]"
"Despairation","Unbekannt","DE","Danse Macabre","2hnYUZoYIYKFQ9p6CnEnXH","Dark Electro","[""Electro Industrial"", ""Electronic Body Music"", ""Dark Electro""]"
"Detset","Unbekannt","FI","Out of Line","7I3W4NmA6wXIpM6JeFsQxe","Dark Electro","[""Industrial"", ""Rhythmic Noise"", ""Dark Electro""]"
"Devil-M","Unbekannt","DE","Danse Macabre","63knPlGzLHTNDf1J78Fvte","Dark Electro","[""Electro Industrial"", ""Electronic Body Music"", ""Dark Electro""]"
"Devilskiss","Unbekannt","DE","Danse Macabre","1XZtlT3j7Zq7ofGLM30s6X","Gothic","[""Dark Wave"", ""Gothic Rock"", ""Cold Wave""]"
"Diary Of Dreams","Adrian Hates","DE","Metropolis Records","1tg5jMp8FFjVqjgoxuEbSR","Gothic","[""Dark Wave"", ""Neue Deutsche Todeskunst"", ""Neoklassik""]"
"Die Form","Philippe Fichot, Éliane P.","FR","Trisol","4EtqRPBTABMndC9NYOkBAA","Dark Electro","[""Electro Industrial"", ""Industrial"", ""Dark Electro""]"
"Die Krupps","Jürgen Engler, Ralf Dörper","DE","Dependent Records","0iDagYU2nu7gTWMdtCxzxW","Crossover","[""Industrial Metal"", ""Neue Deutsche Härte"", ""Electronic Body Music""]"
"Die Sektor","Scott Denman","US","NoiTekk","0W1J1MiKujM7L8PSaJipKP","Dark Electro","[""Aggrotech"", ""Harsh EBM"", ""Dark Electro""]"
"Die Selektion","Luca Gillian","DE","aufnahme + wiedergabe","4RuwsXTtshHIbbhgi7nAxY","Crossover","[""Industrial Techno"", ""Dark Techno"", ""Darkstep""]"
"Diffuzion","Unbekannt","BY","Alfa Matrix","470BE8FwzIueH0LyRM9NQA","Dark Electro","[""Electro Industrial"", ""Electronic Body Music"", ""Dark Electro""]"
"Digital Factor","Mike Langer","DE","Alfa Matrix","5sAwuadZRVSjRnPxUdG7c9","Dark Electro","[""Electronic Body Music"", ""Electro Industrial"", ""Dark Electro""]"
"Din_Fiv","David Din","US","Metropolis Records","372ipqKTMxTWhyPhOskzY5","Dark Electro","[""Electro Industrial"", ""Electronic Body Music"", ""Dark Electro""]"
"Dioxyde","Carlos Ruiz","ES","Dependent Records","7brmLOOTT9t4IkXnfv1rqp","Dark Electro","[""Electro Industrial"", ""Electronic Body Music"", ""Dark Electro""]"
"dirty k","Unbekannt","CN","Hands Productions","7n9L6w44m2QDtKiMe762DW","Dark Electro","[""Industrial"", ""Rhythmic Noise"", ""Dark Electro""]"
"Diskonnekted","Jan Dewulf","BE","Alfa Matrix","15WGC7eScFoYuOLeGnfF6T","Dark Electro","[""Electronic Body Music"", ""Electro Industrial"", ""Dark Electro""]"
"Dismantled","Gary Zon","US","Dependent Records","07EFLOqGqf1uKPcvepbSIS","Dark Electro","[""Electro Industrial"", ""Electronic Body Music"", ""Dark Electro""]"
"Diva Destruction","Debra Fogarty","US","Dark Dimensions","0sihUgNjtwDbiNP1GPU0nO","Metal","[""Gothic Metal"", ""Symphonic Metal"", ""Dark Metal""]"
"Dive","Dirk Ivens","BE","Out of Line","6C5G4YRhQLa6pB7RSf59lQ","Dark Electro","[""Electronic Body Music"", ""Electro Industrial"", ""Dark Electro""]"
"DJversion666","Unbekannt","DE","Darktunes","0wBnNhxqkKl4YyrsCEEFsn","Dark Electro","[""Industrial"", ""Rhythmic Noise"", ""Dark Electro""]"
"Donbor","Unbekannt","RU","FiXT","56mXBoiHYV9QEJxHS5TPk3","Crossover","[""Darksynth"", ""Industrial Techno"", ""Cybergoth""]"
"Dope Stars Inc.","Victor Love","IT","Trisol","0b3Ih1VYdJfBfCPulSWBoA","Crossover","[""Cybergoth"", ""Industrial Metal"", ""Industrial""]"
"Dorsetshire","Unbekannt","DE","Danse Macabre","1NwQ57GZF6iwwGKRJPoPId","Gothic","[""Gothic Rock"", ""Dark Wave"", ""Post Punk""]"
"Doubting Thomas","cEvin Key, Dwayne Goettel","CA","Metropolis Records","0TyhxIjwdnCm57NJAzNEmK","Dark Electro","[""Industrial"", ""Electro Industrial"", ""Dark Electro""]"
"Download","cEvin Key, Phil Western","CA","Artoffact Records","0Jdd6HvNahUOi9SyDFq4Le","Dark Electro","[""Industrial"", ""Electro Industrial"", ""Dark Electro""]"
"DR. Kövald","Unbekannt","FR","Alfa Matrix","","Dark Electro","[""Industrial"", ""Rhythmic Noise"", ""Dark Electro""]"
"Dream Recall","Unbekannt","DE","Alfa Matrix","57GsKSYBMIVwOCALi1YQEz","Dark Electro","[""Electro Industrial"", ""Electronic Body Music"", ""Dark Electro""]"
"DreamReaper","Unbekannt","US","FiXT","3ymwdUUHPaNIVeWoACbiIg","Crossover","[""Darksynth"", ""Industrial Metal"", ""Cybergoth""]"
"Droom","Unbekannt","US","Infacted Recordings","36P4zQxOGCSabr44bXS8kW","Dark Electro","[""Industrial"", ""Rhythmic Noise"", ""Dark Electro""]"
"DSTRTD SGNL","Unbekannt","DE","Infacted Recordings","4ISX2aRyZ10uoLtypdPNai","Dark Electro","[""Industrial"", ""Rhythmic Noise"", ""Dark Electro""]"
"Dubharp","Unbekannt","DE","aufnahme + wiedergabe","5mfOWhMZhGvPJY8e1aX7P3","Dark Electro","[""Industrial"", ""Rhythmic Noise"", ""Dark Electro""]"
"Dust in Mind","Jennifer Gervais, Damien Dausch","FR","Darktunes","6i49PLA6jBtxQhb1nxGhM7","Dark Electro","[""Future Pop"", ""Dark Synthpop"", ""Electro Industrial""]"
"Edge Of Dawn","Mario Schumacher","DE","Dependent Records","5B5VUAt1DgFd06la5kboim","Gothic","[""Dark Wave"", ""Dark Synthpop"", ""Ethereal Wave""]"
"Eden Weint Im Grab","Sascha Blach","DE","Danse Macabre","21CxpiWOhKzGa8HQuNGIDi","Gothic","[""Neue Deutsche Todeskunst"", ""Dark Wave"", ""Neoklassik""]"
"Effter","Unbekannt","DE","Danse Macabre","5pGUz1MwElJ0CJNmkGLQZJ","Gothic","[""Dark Wave"", ""Neue Deutsche Todeskunst"", ""Cold Wave""]"
"EGGVN","Unbekannt","MX","Out of Line","3FZXhEOryQXrTUs43sgH8H","Dark Electro","[""Industrial"", ""Rhythmic Noise"", ""Dark Electro""]"
"Ego Likeness","Steven Archer, Donna Lynch","US","Metropolis Records","57sd8Uae6udFZ1hipB9ld4","Gothic","[""Dark Wave"", ""Gothic Rock"", ""Ethereal Wave""]"
"Egomey","Unbekannt","DE","Danse Macabre","7GJI2owp0Eqz3DTOkI70Qv","Gothic","[""Dark Wave"", ""Neue Deutsche Todeskunst"", ""Cold Wave""]"
"Einheit Meister 08.11.81","Unbekannt","DE","Alfa Matrix","","Dark Electro","[""Electronic Body Music"", ""Electro Industrial"", ""Dark Electro""]"
"Eisbrecher","Alexx Wesselsky, Noel Pix","DE","Metropolis Records","6ul6vL8Hg5jTulDi0Ac8ao","Crossover","[""Neue Deutsche Härte"", ""Industrial Metal"", ""Cybergoth""]"
"Eisenfunk","Michael Mayer","DE","Danse Macabre","6VMsDolxD0gqjdLadDpUzj","Dark Electro","[""Harsh EBM"", ""Aggrotech"", ""Electronic Body Music""]"
"Electric Six","Dick Valentine","US","Metropolis Records","4xNadaO5ZZLVJdqDIVVIua","Crossover","[""Industrial Metal"", ""Cybergoth"", ""Darksynth""]"
"Electro Assassin","Kevin Laska","UK","Metropolis Records","2T4rwXt5OXdpdvnT8qRvQ5","Dark Electro","[""Electro Industrial"", ""Electronic Body Music"", ""Dark Electro""]"
"Eleven-Fx","Unbekannt","DE","Infacted Recordings","31mx5JhRpXMBTnJNULQlYz","Dark Electro","[""Electro Industrial"", ""Electronic Body Music"", ""Dark Electro""]"
"Emarosa","Bradley Walden","US","Out of Line","68tKVjVvcqUfKFFLr2j0Ek","Metal","[""Gothic Metal"", ""Death Doom"", ""Dark Metal""]"
"Emelie Autumn","Emilie Autumn","US","Trisol","","Gothic","[""Neoklassik"", ""Dark Wave"", ""Ethereal Wave""]"
"Emergence","Unbekannt","US","Negative Gain Productions","0VzjGHBEq1AjqXabKQIRUm","Gothic","[""Dark Wave"", ""Cold Wave"", ""Post Punk""]"
"Emme Ya","Unbekannt","CO","Cold Spring","0amhWjC54uDOu913oSBtOl","Gothic","[""Ritual Ambient"", ""Neofolk"", ""Pagan Folk""]"
"Empirion","Oz Morsley, Jamie Smart","UK","Dependent Records","6OY3DiRJRy3Ft6V3dmios7","Crossover","[""Industrial Techno"", ""Darkstep"", ""Dark Techno""]"
"empusae","Sal-Ocin","BE","Hands Productions","6JR94O95zdJY8MCTkmE28T","Crossover","[""Death Industrial"", ""Industrial"", ""Rhythmic Noise""]"
"Encephalon","Matt Gifford","CA","Artoffact Records","7Gl0BmChpd9W6N7NpSp08A","Dark Electro","[""Electro Industrial"", ""Dark Electro"", ""Electronic Body Music""]"
"End.user","Lynn Standafer","US","Hands Productions","2uyXd7oApuPaBwpx0kDpWY","Dark Electro","[""Rhythmic Noise"", ""Industrial"", ""Dark Electro""]"
"Endanger","Rouven Walter","DE","Infacted Recordings","1VQB0XIrSpZj3xR4HQ3yvO","Dark Electro","[""Electro Industrial"", ""Electronic Body Music"", ""Dark Electro""]"
"ENMY","Unbekannt","US","FiXT","0DJJrg8eUagEWZXFgwKJfM","Crossover","[""Industrial Metal"", ""Darksynth"", ""Cybergoth""]"
"Entrzelle","David Chamberlin","US","Alfa Matrix","7E07y9odlPu5zJcm8zjhkd","Dark Electro","[""Electro Industrial"", ""Electronic Body Music"", ""Dark Electro""]"
"Epochate","Unbekannt","IT","Metropolis Records","","Metal","[""Gothic Metal"", ""Symphonic Metal"", ""Dark Metal""]"
"Epsilon Minus","Bogdan Pecic","CA","Alfa Matrix","4s4qzigUo8HJFpTZxRsbcY","Dark Electro","[""Electro Industrial"", ""Electronic Body Music"", ""Dark Electro""]"
"Erdling","Neill Freiwald","DE","Out of Line","1YbFcjdUGqumvNIWLVGcJK","Crossover","[""Mittelalter Rock"", ""Folk Metal"", ""Pagan Metal""]"
"eric de vries","Eric de Vries","NL","Hands Productions","5eCPrM0kMNG6Vrdi66Csw3","Dark Electro","[""Industrial"", ""Rhythmic Noise"", ""Dark Electro""]"
"ErilaZ","Unbekannt","FI","Danse Macabre","1Mp14k62VHI5wINML1LcME","Gothic","[""Dark Wave"", ""Gothic Rock"", ""Cold Wave""]"
"ES23","Daniel Pad","DE","Infacted Recordings","61nRkVt5Cyude8rp8MXJM5","Dark Electro","[""Electro Industrial"", ""Electronic Body Music"", ""Dark Electro""]"
"ESA","Jamie Blacker","UK","Negative Gain Productions","3EK1eCIbh3eDCkLdbMQHpT","Dark Electro","[""Rhythmic Noise"", ""Industrial"", ""Dark Electro""]"
"espectra negra","Unbekannt","DE","Hands Productions","1rIvtUjLVoPBAB82oPn6fe","Gothic","[""Dark Wave"", ""Neofolk"", ""Cold Wave""]"
"esplendor geometrico","Arturo Lanz","ES","Hands Productions","2fdQ3IohBfaqdzJdLjPQ7S","Dark Electro","[""Industrial"", ""Electronic Body Music"", ""Rhythmic Noise""]"
"Essence of Mind","Erlend Eilertsen","NO","Alfa Matrix","7lmORDwDLPMdqLyMh2uH8v","Dark Electro","[""Future Pop"", ""Electro Industrial"", ""Dark Synthpop""]"
"Essenger","Unbekannt","US","FiXT","3vc0JWD1Nj1VLrgJ1x3cjE","Crossover","[""Darksynth"", ""Cybergoth"", ""Industrial Metal""]"
"EURINGER","Jimmy Urine","US","Metropolis Records","0tP6FIlMVLyL77iQxW2rbD","Crossover","[""Industrial Metal"", ""Cybergoth"", ""Neue Deutsche Härte""]"
"Eva O","Eva O","US","Dark Dimensions","5bi4lyuj5ZrayYKlibl9ij","Gothic","[""Gothic Rock"", ""Deathrock"", ""Post Punk""]"
"evo-lution","Unbekannt","DE","Danse Macabre","2xbIidyu8EWRW7doYMn0kh","Dark Electro","[""Electro Industrial"", ""Electronic Body Music"", ""Dark Electro""]"
"Everything Goes Cold","Eric Gottesman","US","Metropolis Records","17wBW4RjBX1KWmYgTILTna","Dark Electro","[""Aggrotech"", ""Electro Industrial"", ""Dark Electro""]"
"Evil Cowards","Dick Valentine, William Bates","US","Metropolis Records","7fCW0vmLnJA9gZuASCjgPm","Crossover","[""Industrial Metal"", ""Cybergoth"", ""Darksynth""]"
"Extize","Cyb3r","FR","Darktunes","0P34y61dZnxYluCC6zLcmj","Dark Electro","[""Dark Electro"", ""Aggrotech"", ""Electro Industrial""]"
"Extra Terra","Unbekannt","FR","FiXT","4wjUOQuVVl9qzSdSX1E1yU","Crossover","[""Darksynth"", ""Industrial Techno"", ""Cybergoth""]"
"Faith and the Muse","William Faith, Monica Richards","US","Danse Macabre","3waFze2hMUecCLD0BJ4rvU","Gothic","[""Neofolk"", ""Ethereal Wave"", ""Dark Wave""]"
"Fallcie","Valentina Lavrinenko","RU","Darktunes","0uSoKm0GMy4wMgbRo9B8dl","Gothic","[""Dark Wave"", ""Dark Synthpop"", ""Cold Wave""]"
"Felix Marc","Felix Marc","DE","Infacted Recordings","0j6w8JsaZsx5Vs3qECKnAx","Dark Electro","[""Future Pop"", ""Dark Synthpop"", ""Electro Industrial""]"
"FGFC820","Rexx Arkana, Dräcos","US","NoiTekk","32raKeUHkfUVqgGHbIPD2u","Dark Electro","[""Dark Electro"", ""Electro Industrial"", ""Aggrotech""]"
"FiXT","Klayton","US","FiXT","5NHJiPzOi1EFeCB8WBiVKH","Crossover","[""Darksynth"", ""Industrial Metal"", ""Cybergoth""]"
"Flesh Field","Ian Ross, Wendy Yanko","US","Metropolis Records","6yf3GRyJ6hVtk9ahV5kflO","Dark Electro","[""Electro Industrial"", ""Industrial"", ""Dark Electro""]"
"Flint Glass","Gwenn Tremorin","FR","Ant Zen","3NI7HBKkveI82urujEYkHX","Dark Electro","[""Industrial"", ""Rhythmic Noise"", ""Dark Electro""]"
"FM Einheit","F.M. Einheit","DE","Cold Spring","1TXXPn0aiOYzc0QoYrAqa2","Dark Electro","[""Industrial"", ""Rhythmic Noise"", ""Dark Electro""]"
"Fotocrime","Ryan Patterson","US","Artoffact Records","4FISVeBOWY3NwQsTUc7aVE","Gothic","[""Post Punk"", ""Cold Wave"", ""Dark Wave""]"
"Freakangel","Dmitry Darling","EE","Alfa Matrix","0hzKupAbz8hUjefShrBl3l","Dark Electro","[""Aggrotech"", ""Electro Industrial"", ""Dark Electro""]"
"Freaky Mind","Unbekannt","RU","Darktunes","6ODqwdkjyJBi5t0sOaIzA2","Dark Electro","[""Industrial"", ""Rhythmic Noise"", ""Dark Electro""]"
"FreqGen","Klayton","US","FiXT","6oeaLiDP3MgxDxSY1wMSbe","Crossover","[""Darksynth"", ""Industrial Techno"", ""Cybergoth""]"
"Front 242","Jean-Luc De Meyer, Patrick Codenys","BE","Alfa Matrix","2tyMOS8xKREgpEwHnLc6EX","Dark Electro","[""Electronic Body Music"", ""Electro Industrial"", ""Industrial""]"
"Front Line Assembly","Bill Leeb","CA","Metropolis Records","5QYAExYvxixCVwX70SRf7F","Dark Electro","[""Electro Industrial"", ""Electronic Body Music"", ""Industrial""]"
"Frozen Plasma","Felix Marc, Vasi Vallis","DE","Infacted Recordings","60OFBH3eDdUxP7ost2ul96","Dark Electro","[""Future Pop"", ""Dark Synthpop"", ""Electro Industrial""]"
"Fury Weekend","Ars Nikonov","BY","FiXT","7KxS1dL7Q7jxMkyb2ZvzXH","Crossover","[""Darksynth"", ""Industrial Techno"", ""Cybergoth""]"
"gatto nero","Unbekannt","DE","Hands Productions","4yn3LKTVU5VAQxwsH8KGEz","Dark Electro","[""Industrial"", ""Rhythmic Noise"", ""Dark Electro""]"
"geistform","Rafael Espinosa","ES","Hands Productions","5gC9m4GjNdHNmOcV4qJPf9","Dark Electro","[""Rhythmic Noise"", ""Industrial"", ""Dark Electro""]"
"GENCAB","David Dutton","US","Metropolis Records","5IN6zApha7pbFhLfAO8u14","Dark Electro","[""Electro Industrial"", ""Electronic Body Music"", ""Dark Electro""]"
"Genetic Selection","Unbekannt","DE","Ant Zen","6KzBao1akavzvmmZ6A24UY","Dark Electro","[""Electro Industrial"", ""Electronic Body Music"", ""Dark Electro""]"
"Geneviève Pasquier","Geneviève Pasquier","FR","Ant Zen","75PROyX1RBOhEK5bnyz59m","Gothic","[""Neoklassik"", ""Ethereal Wave"", ""Dark Wave""]"
"GGGOLDDD","Milena Eva, Thomas Sciarone","NL","Artoffact Records","6ggf9cwxdhYNLFPhf4CazJ","Metal","[""Gothic Metal"", ""Doom Metal"", ""Dark Metal""]"
"Ghost & Writer","Frank M. Spinath, Jimmy Machon","DE","Dependent Records","7mPZiFgBno9llCEStgGZbW","Gothic","[""Dark Wave"", ""Dark Synthpop"", ""Cold Wave""]"
"Ghost Twin","Jaimz Asmundson, Karen Asmundson","CA","Artoffact Records","3K2af5DTF6zzjujvfFATs9","Gothic","[""Dark Wave"", ""Cold Wave"", ""Post Punk""]"
"Girls Under Glass","Volker Zacharias, Hauke Harms","DE","Dependent Records","5eTXnFPGx2tTzCEYwCNy5v","Gothic","[""Dark Wave"", ""Gothic Rock"", ""Ethereal Wave""]"
"Glass Spells","Anthony Ramirez, Suzette","US","Negative Gain Productions","6a4xrf2tjp1zo2osASzWOQ","Gothic","[""Dark Wave"", ""Cold Wave"", ""Post Punk""]"
"Glis","Shaun Fraroc","US","Alfa Matrix","2CceCGQxwNsrvAClrB83ji","Dark Electro","[""Electro Industrial"", ""Electronic Body Music"", ""Dark Electro""]"
"God Module","Jasyn Bangert","US","Infacted Recordings","1DoGu017HBH9armSl4M0Sb","Dark Electro","[""Dark Electro"", ""Aggrotech"", ""Electro Industrial""]"
"Grendel","JD Tucker","NL","Infacted Recordings","28D0LIS1y01QS8fbh9dXVk","Dark Electro","[""Aggrotech"", ""Dark Electro"", ""Electronic Body Music""]"
"greyhound","Unbekannt","DE","Hands Productions","1FcTd89N9ESEOsIDD883Kp","Dark Electro","[""Industrial"", ""Rhythmic Noise"", ""Dark Electro""]"
"Ground Nero","Unbekannt","BE","Danse Macabre","190prHxAJPrlXCKh91sRWD","Dark Electro","[""Industrial"", ""Rhythmic Noise"", ""Dark Electro""]"
"Gyze","Ryoji Shinomoto","JP","Out of Line","4wzx1bM4lkwAeYADrEPuN5","Metal","[""Gothic Metal"", ""Symphonic Metal"", ""Symphonic Black Metal""]"
"H.EXE","Unbekannt","PL","Darktunes","2hbidzLIu57qb0VsUDXDrX","Dark Electro","[""Industrial"", ""Rhythmic Noise"", ""Dark Electro""]"
"HALLOWS","Dom R., Vanee M.","US","Artoffact Records","4pw10fTRjfQtjRhy25G5W6","Gothic","[""Post Punk"", ""Dark Wave"", ""Cold Wave""]"
"Hands Productions","Udo Wiessmann","DE","Hands Productions","5PsTPXO2jHtPUCayApQ589","Dark Electro","[""Industrial"", ""Rhythmic Noise"", ""Dark Electro""]"
"Hangwire","Unbekannt","CA","Artoffact Records","3j3890vd4SZyfiIyDQ9y4t","Gothic","[""Post Punk"", ""Dark Wave"", ""Cold Wave""]"
"Harsh Mentor","Unbekannt","DE","aufnahme + wiedergabe","0Ce9Q5Uz7jeuclsa3K7nNc","Dark Electro","[""Industrial"", ""Rhythmic Noise"", ""Dark Electro""]"
"Hasswut","Unbekannt","ES","Negative Gain Productions","551PazHmfLOfvUkQdMGJpF","Dark Electro","[""Aggrotech"", ""Harsh EBM"", ""Dark Electro""]"
"Hateful Chains","Flora Kok","FI","Danse Macabre","1unjQOmaDuD6sAjBo1eyaG","Gothic","[""Dark Wave"", ""Gothic Rock"", ""Cold Wave""]"
"Hatesex","Benn Ra, Benn Ra","US","Dark Dimensions","2jrOaFjkYZHdcWIYuXq5v4","Gothic","[""Dark Wave"", ""Cold Wave"", ""Post Punk""]"
"Haujobb","Daniel Myer, Dejan Samardzic","DE","Dependent Records","0qp8mfuI3N8zOHbRDNHrkZ","Dark Electro","[""Electro Industrial"", ""Electronic Body Music"", ""Dark Electro""]"
"Heimstatt Yipotash","Unbekannt","DE","Hands Productions","3AE6nY9tlyAMHp38IoghHi","Dark Electro","[""Electro Industrial"", ""Electronic Body Music"", ""Dark Electro""]"
"Helalyn Flowers","Noemi Aurora, Max","IT","Alfa Matrix","5CFRT4EE1wxkU2aqVyHMJb","Dark Electro","[""Future Pop"", ""Electro Industrial"", ""Dark Synthpop""]"
"Henric de la Cour","Henric de la Cour","SE","Progress Productions","30fLO9Dkwb18LCla13Mhuu","Dark Electro","[""Dark Synthpop"", ""Future Pop"", ""Electro Industrial""]"
"Her Own World","Unbekannt","PL","Darktunes","24FZxRSJPRaf3Jp31O6ZZZ","Gothic","[""Dark Wave"", ""Ethereal Wave"", ""Cold Wave""]"
"Hocico","Erk Aicrag, Racso Agroyam","MX","Out of Line","5cilSDFcAQcLwh0dNqMhrE","Dark Electro","[""Aggrotech"", ""Harsh EBM"", ""Dark Electro""]"
"Human Performance Lab","Unbekannt","UK","aufnahme + wiedergabe","6RxT4SuQWFUV2xqlj70YpF","Dark Electro","[""Industrial"", ""Rhythmic Noise"", ""Dark Electro""]"
"Hungry Lucy","Christa Belle, Warren Harrison","US","Alfa Matrix","7oVYPwOxWuGygnXYpZLm4a","Gothic","[""Dark Wave"", ""Ethereal Wave"", ""Cold Wave""]"
"Hypnoskull","Patrick Stevens","BE","Ant Zen","16kAtlbwmYgBoKzcurlbUl","Dark Electro","[""Harsh EBM"", ""Rhythmic Noise"", ""Industrial""]"
"I Will Never Be The Same","Unbekannt","US","FiXT","5gWDvr9V4KoC2boyZD13WT","Dark Electro","[""Electro Industrial"", ""Dark Electro"", ""Industrial""]"
"icd-10","Unbekannt","DE","Hands Productions","39D4WHaq6tP6vCNjkXTWPz","Dark Electro","[""Industrial"", ""Rhythmic Noise"", ""Dark Electro""]"
"illegal trade","Unbekannt","DE","Hands Productions","0MexSi5IyWhOxhLqmjpznX","Dark Electro","[""Industrial"", ""Rhythmic Noise"", ""Dark Electro""]"
"Imminent","Olivier Moreau","BE","Ant Zen","29rS8be1ancKZ0ATnmGWTl","Dark Electro","[""Electro Industrial"", ""Electronic Body Music"", ""Rhythmic Noise""]"
"Imperial Black Unit","Unbekannt","FR","aufnahme + wiedergabe","5FYg9PMOvubvG8zu8KbYuj","Crossover","[""Industrial Techno"", ""Dark Techno"", ""Darkstep""]"
"Implant","Len Lemeire","BE","Alfa Matrix","71eaEMe0KF9EUJUvIINsAY","Dark Electro","[""Electronic Body Music"", ""Electro Industrial"", ""Dark Electro""]"
"incendie","Unbekannt","FR","Hands Productions","37nzZLSCaZDKAPPieWaJH0","Dark Electro","[""Industrial"", ""Rhythmic Noise"", ""Dark Electro""]"
"Infacted Recordings","Torben Schmidt","DE","Infacted Recordings","","Dark Electro","[""Electro Industrial"", ""Electronic Body Music"", ""Dark Electro""]"
"Information Society","Paul Robb, Kurt Harland, James Cassidy","US","Negative Gain Productions","6bJUzb3mLEYCkTAp7eNJgO","Dark Electro","[""Dark Synthpop"", ""Electronic Body Music"", ""Electro Industrial""]"
"Inkubus Sukkubus","Candia Ridley, Tony McKormack","UK","Dark Dimensions","5TcSmqbuyYcyn396CFLwPr","Gothic","[""Pagan Folk"", ""Gothic Rock"", ""Dark Wave""]"
"Involucija","Unbekannt","HR","aufnahme + wiedergabe","7pyrQNeHfCO0SHPzW074VZ","Dark Electro","[""Industrial"", ""Rhythmic Noise"", ""Dark Electro""]"
"Iris","Reagan Jones, Andrew Sega","US","Dependent Records","1pCnl9PbA9JaffWHMiSXuT","Dark Electro","[""Future Pop"", ""Dark Synthpop"", ""Electro Industrial""]"
"Iszoloscope","Yannick Franck","CA","Ant Zen","6VkujJifZO9UQvkXGLNQ6L","Dark Electro","[""Rhythmic Noise"", ""Industrial"", ""Dark Electro""]"
"Ivory Frequency","Unbekannt","CY","Dependent Records","2CvRYieEoRkGLu8ULP4Z4y","Dark Electro","[""Electro Industrial"", ""Electronic Body Music"", ""Dark Electro""]"
"j:dead","Jay Taylor","UK","Infacted Recordings","4QMYdqiJf5bEC7P0EHbnxn","Dark Electro","[""Dark Electro"", ""Electro Industrial"", ""Aggrotech""]"
"Janus","Dirk Riegert","DE","Trisol","0MeUJOSv5a75mNQzh266Ay","Gothic","[""Dark Wave"", ""Neue Deutsche Todeskunst"", ""Cold Wave""]"
"Jason Alacrity","Jason Alacrity","US","Negative Gain Productions","035976RzO1GaVwylNqU82r","Dark Electro","[""Industrial"", ""Rhythmic Noise"", ""Dark Electro""]"
"Jean-Marc Lederman Experience","Jean-Marc Lederman","BE","Dependent Records","2S4MwlPx4imMUfKAunZXWo","Dark Electro","[""Dark Synthpop"", ""Electronic Body Music"", ""Electro Industrial""]"
"Joshua Murphy","Joshua Murphy","DE","aufnahme + wiedergabe","3TaDAEb6dHJgNACd3T4WxT","Dark Electro","[""Industrial"", ""Rhythmic Noise"", ""Dark Electro""]"
"Junksista","Diana S., Boog","DE","COP International","3ungAMkCzRLuMyqt5T3FQP","Dark Electro","[""Future Pop"", ""Dark Synthpop"", ""Electro Industrial""]"
"Kælan Mikla","Laufey Soffía, Margrét Rósa, Sólveig Matthildur","IS","Artoffact Records","28meEMqGpDrolyQ9OVoDAH","Gothic","[""Dark Wave"", ""Cold Wave"", ""Post Punk""]"
"Kami No Ikari","Unbekannt","FR","Darktunes","50w6So1pU1erYm1J3cGxXY","Dark Electro","[""Industrial"", ""Rhythmic Noise"", ""Dark Electro""]"
"KANGA","Kanga","US","Negative Gain Productions","059rQbGIaUckBPLuhcHmUM","Dark Electro","[""Dark Electro"", ""Electro Industrial"", ""Industrial""]"
"Kant Kino","Kenneth Jonsson, Lars Madsen","NO","Alfa Matrix","0XX5NRPx4mai1cgXIunepN","Dark Electro","[""Electronic Body Music"", ""Electro Industrial"", ""Dark Electro""]"
"KAUAN","Anton Belov","RU","Artoffact Records","2Z0lRIqr997lIUiPtrpKCr","Metal","[""Atmospheric Black Metal"", ""Doom Metal"", ""Dark Metal""]"
"KEN mode","Jesse Matthewson, Shane Matthewson","CA","Artoffact Records","1riHqX633Kup3mJAw8WR8p","Metal","[""Death Doom"", ""Dark Metal"", ""Doom Metal""]"
"Kevorkian Death Cycle","Roger Jarvis, Ryan Gribbin","US","Negative Gain Productions","2C4woX8ytpYBN5U7iFauAu","Dark Electro","[""Electro Industrial"", ""Industrial"", ""Dark Electro""]"
"Khost","Andy Swan, Damian B","UK","Cold Spring","0FMz8eOkVAaaeF8JocZJgD","Dark Electro","[""Industrial"", ""Rhythmic Noise"", ""Dark Electro""]"
"Kill Shelter","Pete Burns","UK","Metropolis Records","1hl06hvbtecgkhML5iVf5B","Dark Electro","[""Electro Industrial"", ""Dark Wave"", ""Dark Electro""]"
"KiloWatts & Vanek","James Watts","US","Dependent Records","4ERz5g7rMly9D6W2teko1V","Dark Electro","[""Electro Industrial"", ""Electronic Body Music"", ""Dark Electro""]"
"Kirlian Camera","Elena Alice Fossi, Angelo Bergamini","IT","Dependent Records","6b5KqGQYLUb3NuD2G6W2Op","Gothic","[""Dark Wave"", ""Gothic Rock"", ""Ethereal Wave""]"
"Klayton","Klayton","US","FiXT","2oeTR8PtEB9NV4jicZXRt3","Crossover","[""Darksynth"", ""Industrial Metal"", ""Cybergoth""]"
"Klinik","Dirk Ivens, Marc Verhaeghen","BE","Hands Productions","2KczmhlmHUuDVVtkXJjgAc","Dark Electro","[""Electronic Body Music"", ""Electro Industrial"", ""Industrial""]"
"Klutæ","Claus Larsen","DK","Alfa Matrix","15ldt5d2AcWBsXvZFZm7lB","Dark Electro","[""Electronic Body Music"", ""Electro Industrial"", ""Dark Electro""]"
"KMFDM","Sascha Konietzko, Lucia Cifarelli","DE","Metropolis Records","3V4IvzRQYP5mzuVtkcHgVa","Crossover","[""Industrial Metal"", ""Neue Deutsche Härte"", ""Electronic Body Music""]"
"Kollaps","Wade Black","AU","Cold Spring","6XEcMSGuyKvUqt6UI3I7Ou","Crossover","[""Death Industrial"", ""Industrial"", ""Dark Techno""]"
"Komor Kommando","Sebastian Komor","NO","Alfa Matrix","127BgBsBezdmT8YvxiO94t","Dark Electro","[""Aggrotech"", ""Electro Industrial"", ""Dark Electro""]"
"Konstantin Unwohl","Konstantin Unwohl","DE","aufnahme + wiedergabe","1paiVvuz7pRxsb3tTkJOSd","Dark Electro","[""Industrial"", ""Rhythmic Noise"", ""Dark Electro""]"
"Kontrast","Unbekannt","DE","Danse Macabre","1EVcRMkgumpxDyoJfvdrpS","Dark Electro","[""Electronic Body Music"", ""Electro Industrial"", ""Dark Electro""]"
"Kontravoid","Cameron Findlay","CA","Artoffact Records","1cZNxWhPe9pKXdVZZdA9Bz","Gothic","[""Dark Wave"", ""Cold Wave"", ""Post Punk""]"
"Krystal System","Bonnie, Hugo","FR","Alfa Matrix","34IxeAY58XxcEJxdLRR3MR","Dark Electro","[""Electro Industrial"", ""Electronic Body Music"", ""Dark Electro""]"
"La Breiche","Unbekannt","FR","Cold Spring","5XBEE34h7ldAP1r6G065zw","Dark Electro","[""Industrial"", ""Rhythmic Noise"", ""Dark Electro""]"
"Laibach","Milan Fras","SI","Cold Spring","7l4LQfvN4yz8zbK4WY0AAg","Crossover","[""Industrial Metal"", ""Industrial"", ""Neue Deutsche Härte""]"
"Lead Into Gold","Paul Barker","US","Artoffact Records","31AGUo9XdSojGBaIRvLOPl","Dark Electro","[""Industrial"", ""Electro Industrial"", ""Dark Electro""]"
"Leæther Strip","Claus Larsen","DK","Alfa Matrix","0klcoRwPQF1GMv8FrA7F8V","Dark Electro","[""Electronic Body Music"", ""Electro Industrial"", ""Dark Electro""]"
"LEATHERS","Shannon Hemmett","CA","Artoffact Records","6QZdgsd7NHLTvcPt5RS5ll","Gothic","[""Dark Wave"", ""Dark Synthpop"", ""Cold Wave""]"
"Liebknecht","Daniel Myer","DE","aufnahme + wiedergabe","1aXfzKT86fzIXWGjjjMdZA","Dark Electro","[""Electro Industrial"", ""Electronic Body Music"", ""Dark Electro""]"
"Lights Of Euphoria","Torben Schmidt, Jimmy Machon","DE","Infacted Recordings","4o2H4Ep301KwKiMsa0EkHe","Dark Electro","[""Electronic Body Music"", ""Electro Industrial"", ""Dark Synthpop""]"
"Llyn Y Cwn","Unbekannt","UK","Cold Spring","0dk7AsedniLfbzZFCuVNm8","Gothic","[""Ritual Ambient"", ""Dark Wave"", ""Neofolk""]"
"Logical Terror","Unbekannt","IT","Darktunes","71RNihAnOuMIGlq9zQiDXx","Dark Electro","[""Electro Industrial"", ""Electronic Body Music"", ""Dark Electro""]"
"Louisahhh x Helsmoortel","Louisahhh","FR","Artoffact Records","","Crossover","[""Industrial Techno"", ""Dark Techno"", ""Darkstep""]"
"Lovelorn Dolls","Ladyhell, Emile","BE","Alfa Matrix","5LRTjy2y6L1hn8JcdpOqVz","Gothic","[""Dark Wave"", ""Ethereal Wave"", ""Gothic Rock""]"
"Ludovico Technique","Ben V.","US","Infacted Recordings","1QLq3DjHn8KdTfUig43wP1","Dark Electro","[""Aggrotech"", ""Electro Industrial"", ""Dark Electro""]"
"Lull","Mick Harris","UK","Cold Spring","5AUPJRWkYNsxRWihENePtH","Gothic","[""Ritual Ambient"", ""Dark Wave"", ""Neofolk""]"
"Lynn's Intention","Unbekannt","DE","Danse Macabre","","Gothic","[""Dark Wave"", ""Cold Wave"", ""Post Punk""]"
"Lys Morke","Unbekannt","ES","Artoffact Records","5hsi0GQ3g4uiWRoEK0p80H","Gothic","[""Dark Wave"", ""Cold Wave"", ""Post Punk""]"
"Machinefabriek","Rutger Zuydervelt","NL","Cold Spring","4Tzunwe7m9sBMSsmEV49Qo","Gothic","[""Ritual Ambient"", ""Dark Wave"", ""Neofolk""]"
"Madeline Goldstein","Madeline Goldstein","US","Artoffact Records","0qtVLVzUD4Qglw7wW90QqO","Gothic","[""Dark Wave"", ""Cold Wave"", ""Ethereal Wave""]"
"Male or Female","Franky Deblomme","BE","Alfa Matrix","7JYaQvvhlnQ0CgtMpEy9ZG","Dark Electro","[""Electronic Body Music"", ""Electro Industrial"", ""Dark Electro""]"
"Male Tears","James Edward","US","Artoffact Records","4URGzwxaOCq4ASrH5QlNqa","Gothic","[""Post Punk"", ""Dark Wave"", ""Cold Wave""]"
"Maniac / Skitliv","Maniac","NO","Cold Spring","","Metal","[""Atmospheric Black Metal"", ""Symphonic Black Metal"", ""Death Doom""]"
"Mares of Thrace","Therese Lanz","CA","Artoffact Records","0qeQtOu0Sd9qCkqFl4OEd8","Metal","[""Doom Metal"", ""Death Doom"", ""Dark Metal""]"
"Masonna","Maso Yamazaki","JP","Cold Spring","00ESOUu2kJw00iHIulANE6","Dark Electro","[""Industrial"", ""Rhythmic Noise"", ""Dark Electro""]"
"Mass-X-Odus","Adam X","US","aufnahme + wiedergabe","1T5ZmBxeTle49rJ1US4Q3y","Crossover","[""Industrial Techno"", ""Dark Techno"", ""Darkstep""]"
"Max Durante","Max Durante","IT","aufnahme + wiedergabe","6YjoVQqV8Y8LTcdAzYpKc7","Dark Electro","[""Industrial"", ""Rhythmic Noise"", ""Dark Electro""]"
"Melania.","Melania","DE","aufnahme + wiedergabe","4fLN4MdVopdfWB5nZ9p3at","Dark Electro","[""Industrial"", ""Rhythmic Noise"", ""Dark Electro""]"
"Mentallo and the Fixer","Gary Dassing","US","Alfa Matrix","0kH01XHMN4NFDO65akV5Fd","Dark Electro","[""Electro Industrial"", ""Industrial"", ""Dark Electro""]"
"Mephisto Walz","Barry Galvin","US","Dark Dimensions","7lv3S4wbdU3j2xC8qFvbIU","Gothic","[""Gothic Rock"", ""Dark Wave"", ""Ethereal Wave""]"
"Merzbow","Masami Akita","JP","Cold Spring","5UezsklPScipW64XJm7qql","Dark Electro","[""Industrial"", ""Rhythmic Noise"", ""Dark Electro""]"
"Mesh","Mark Hockings, Richard Silverthorn","UK","Dependent Records","3ggwAqZD3lyT2sbovlmfQY","Dark Electro","[""Future Pop"", ""Dark Synthpop"", ""Electro Industrial""]"
"Metroland","Passenger S, Passenger A","BE","Alfa Matrix","2jkEEDisTNyfxfkLbez8N0","Dark Electro","[""Electronic Body Music"", ""Dark Synthpop"", ""Electro Industrial""]"
"Mildreda","Jan Dewulf","BE","Dependent Records","4urB3ruRWnEw1Z9Dy33lxg","Dark Electro","[""Electronic Body Music"", ""Electro Industrial"", ""Dark Electro""]"
"Mind:state","Lars M","SE","Alfa Matrix","4fyOziQW8idDGt8352pAEZ","Dark Electro","[""Electronic Body Music"", ""Electro Industrial"", ""Dark Electro""]"
"mind.in.a.box","Stefan Poiss","AT","Dependent Records","7oFwFLcW5btR2tHAnPqnDH","Dark Electro","[""Future Pop"", ""Electro Industrial"", ""Dark Synthpop""]"
"Miseria Ultima","Unbekannt","FI","Alfa Matrix","5dreICjobUXpX6DT6J8fHi","Gothic","[""Dark Wave"", ""Gothic Rock"", ""Cold Wave""]"
"Misscore","Unbekannt","RU","Darktunes","6VpeB27vn2cN46LESFuiof","Dark Electro","[""Industrial"", ""Rhythmic Noise"", ""Dark Electro""]"
"Mnemonic","Unbekannt","DE","Alfa Matrix","3WiV7KKn3KJxXT30DdI7PP","Dark Electro","[""Electro Industrial"", ""Electronic Body Music"", ""Dark Electro""]"
"Model Kaos","Unbekannt","DE","Danse Macabre","4xAxyCIJp1G11U3P6ODfQS","Gothic","[""Dark Wave"", ""Cold Wave"", ""Post Punk""]"
"Mondträume","Damien","ES","Alfa Matrix","6NbjqapY9YWNG1dcW7ea6R","Dark Electro","[""Electro Industrial"", ""Electronic Body Music"", ""Dark Electro""]"
"Monica Richards","Monica Richards","US","Dark Dimensions","3EBRSyaheukWGO8dAzgEY3","Gothic","[""Neofolk"", ""Dark Wave"", ""Ethereal Wave""]"
"Monolith","Eric Van Wonterghem","BE","Hands Productions","0bbPxPcaed3Td8DqCxBmBP","Dark Electro","[""Electro Industrial"", ""Industrial"", ""Electronic Body Music""]"
"Moonlight Asylum","Unbekannt","DE","Darktunes","0UiBCJLhia2F1GP3xmLHrB","Gothic","[""Dark Wave"", ""Neue Deutsche Todeskunst"", ""Cold Wave""]"
"Morgenstern","Unbekannt","CH","Darktunes","6nMxYJRqJcmuOFtheuVChY","Gothic","[""Dark Wave"", ""Neue Deutsche Todeskunst"", ""Cold Wave""]"
"MORTAL REALM","Adam V. Jones","US","Negative Gain Productions","5yZwUkpKAVVDYF9bnvdTlN","Dark Electro","[""Industrial"", ""Rhythmic Noise"", ""Dark Electro""]"
"MORTES","Unbekannt","FR","Darktunes","1EQMdsavfwdRftdb7T5Xd6","Dark Electro","[""Industrial"", ""Rhythmic Noise"", ""Dark Electro""]"
"Moyra","Unbekannt","PL","Darktunes","6nBhUgASfONHQmsWajjQuf","Gothic","[""Dark Wave"", ""Cold Wave"", ""Post Punk""]"
"Mr Jones Machine","Jarle","SE","Progress Productions","2DN8W39IczbgysUzCnL3hb","Dark Electro","[""Dark Synthpop"", ""Future Pop"", ""Electro Industrial""]"
"Mr.Kitty","Forrest Avery Carney","US","Negative Gain Productions","0pWwt5vGNzezEhfAcc420Y","Gothic","[""Dark Wave"", ""Dark Synthpop"", ""Cold Wave""]"
"MZ. 412","Nordvargr","SE","Cold Spring","2pYhuSF1JoMjqnyuV2uf3V","Crossover","[""Death Industrial"", ""Industrial"", ""Rhythmic Noise""]"
"Nachtmahr","Thomas Rainer","AT","Trisol","1wGcs6i2IJbgXxE3bDIm9k","Dark Electro","[""Aggrotech"", ""Dark Electro"", ""Harsh EBM""]"
"NDE","Unbekannt","UK","Cold Spring","7k7bd1xz4SmAXG9lKZqZUb","Gothic","[""Ritual Ambient"", ""Dark Wave"", ""Neofolk""]"
"Nebula-H","Unbekannt","BE","Alfa Matrix","5tjE7fMmvRra46r6Hz3aOA","Dark Electro","[""Electronic Body Music"", ""Electro Industrial"", ""Dark Electro""]"
"Negative Gain Productions","Roger Jarvis","US","Negative Gain Productions","","Dark Electro","[""Electro Industrial"", ""Dark Electro"", ""Aggrotech""]"
"Neikka RPM","Dominique O.","US","Alfa Matrix","4TKdKriHYTcXcLTLcTRPaf","Dark Electro","[""Dark Synthpop"", ""Future Pop"", ""Electro Industrial""]"
"Neuroklast","Unbekannt","DE","Darktunes","5xfQSijbVetvH1QAS58n30","Dark Electro","[""Dark Electro"", ""Electro Industrial"", ""Aggrotech""]"
"Night In Athens","Tina Boleti","UK","Artoffact Records","3PXKzr1DgudRXMJo92NX4e","Gothic","[""Dark Wave"", ""Cold Wave"", ""Post Punk""]"
"Night Ritualz","Unbekannt","US","Metropolis Records","1d8Qzxg7xz35YJugFqsLXp","Gothic","[""Dark Wave"", ""Gothic Rock"", ""Dark Synthpop""]"
"Nitzer Ebb","Douglas McCarthy, Bon Harris","UK","Alfa Matrix","7EnAgffrVyerTWH628TJ6f","Dark Electro","[""Electronic Body Music"", ""Electro Industrial"", ""Industrial""]"
"Noise Unit","Bill Leeb","CA","Artoffact Records","4lgM2tyo1khStD5gl171Au","Dark Electro","[""Industrial"", ""Electro Industrial"", ""Dark Electro""]"
"Nordvargr","Henrik Nordvargr Björkk","SE","Cold Spring","0KHO40wTTnd9s8pBE7jOEx","Crossover","[""Death Industrial"", ""Industrial"", ""Rhythmic Noise""]"
"Nox Novacula","Unbekannt","US","Artoffact Records","7kNH9Eo1oB8yI9lEwekRvp","Gothic","[""Dark Wave"", ""Post Punk"", ""Cold Wave""]"
"Nytt Land","Natalya Pakhalenko, Anatoly Pakhalenko","RU","Cold Spring","6NQ701XGEJodDZ5lqVtrBp","Gothic","[""Nordic Folk"", ""Pagan Folk"", ""Ritual Ambient""]"
"Oberer Totpunkt","Bettina Bormann","DE","Danse Macabre","2vpsjD1lIWjqoTY24w3Swj","Gothic","[""Neue Deutsche Todeskunst"", ""Dark Wave"", ""Neoklassik""]"
"Ocean Dark","Unbekannt","DE","Darktunes","7AaXBzac4xsrGs4qAb3VDx","Gothic","[""Dark Wave"", ""Cold Wave"", ""Post Punk""]"
"Octo Crura","Unbekannt","IT","Darktunes","5Fmo8XWXMX9MVcbLJXsLUC","Dark Electro","[""Industrial"", ""Rhythmic Noise"", ""Dark Electro""]"
"Omnimar","Maria Mar","RU","Darktunes","2QzxBZb43cSo7ifPXE4UjO","Gothic","[""Dark Wave"", ""Dark Synthpop"", ""Cold Wave""]"
"Orange Sector","Martin Bodewell","DE","Infacted Recordings","0nxMaqbFU9W3dPV9TchWlc","Dark Electro","[""Dark Electro"", ""Electronic Body Music"", ""Electro Industrial""]"
"Orphx","Richard Oddie, Christina Sealey","CA","Hands Productions","4mNIz9D4L2JGnpUmkvMFMV","Dark Electro","[""Rhythmic Noise"", ""Industrial"", ""Electronic Body Music""]"
"Out of Line Music","André Kobliha","DE","Out of Line","","Dark Electro","[""Electro Industrial"", ""Electronic Body Music"", ""Dark Electro""]"
"OvO","Stefania Pedretti","IT","Artoffact Records","3kYFawNQVZ00FQbgs4rVBe","Metal","[""Doom Metal"", ""Death Doom"", ""Dark Metal""]"
"PANIC PRIEST","Jack Armondo","US","Negative Gain Productions","3usGffJhXe49BipfB6wLdV","Gothic","[""Dark Wave"", ""Cold Wave"", ""Post Punk""]"
"Penny Rimbaud","Penny Rimbaud","UK","Cold Spring","6DzlPnRAyZGt6OdxniTdxq","Gothic","[""Post Punk"", ""Dark Wave"", ""Neofolk""]"
"Philipp Strobel","Philipp Strobel","DE","aufnahme + wiedergabe","1RwEMsMUN3SGjI0FFeNb8y","Dark Electro","[""Industrial"", ""Rhythmic Noise"", ""Dark Electro""]"
"Ploho","Victor Uzhakov","RU","Artoffact Records","0lhop4yW50hbErLnAn4vEy","Gothic","[""Post Punk"", ""Dark Wave"", ""Cold Wave""]"
"Portion Control","John Whybrew, Dean Piavani","UK","Artoffact Records","6M4dtbJkJLIR2GOsHJgRnY","Dark Electro","[""Electronic Body Music"", ""Industrial"", ""Electro Industrial""]"
"Project Pitchfork","Peter Spilles","DE","Trisol","0DLfONSFG8AA0cQvh1yCrz","Gothic","[""Dark Wave"", ""Neue Deutsche Todeskunst"", ""Electro Industrial""]"
"Protokoll 19","Unbekannt","DE","Danse Macabre","5RaZbbUyty08vVznWTaAlS","Gothic","[""Dark Wave"", ""Cold Wave"", ""Post Punk""]"
"Psy'Aviah","Yves Schelpe","BE","Alfa Matrix","0YfhePoSCw0rUicAFr4Tgz","Dark Electro","[""Future Pop"", ""Electro Industrial"", ""Dark Synthpop""]"
"Psychic Graveyard","Eric Paul","US","Artoffact Records","4i09YoyjD3V14WcaLDfn3b","Gothic","[""Post Punk"", ""Dark Wave"", ""Cold Wave""]"
"Psychic TV","Genesis P-Orridge","UK","Cold Spring","3oi0s3WIuxBU5oh87n7za2","Dark Electro","[""Industrial"", ""Post Punk"", ""Rhythmic Noise""]"
"Psyclon Nine","Nero Bellum","US","NoiTekk","5Wqztnja4JFJ7WNcGLzAzb","Dark Electro","[""Aggrotech"", ""Harsh EBM"", ""Dark Electro""]"
"Rabengott","Unbekannt","DE","Danse Macabre","3UgHokquTWEIcRIWiy5Yw8","Gothic","[""Dark Wave"", ""Neue Deutsche Todeskunst"", ""Cold Wave""]"
"Radioaktivists","Daniel Myer","DE","Dependent Records","4fY30VmU6LzXSUZ2z7keud","Dark Electro","[""Electro Industrial"", ""Electronic Body Music"", ""Dark Electro""]"
"RATIO STRAIN","Vanessa E","US","Negative Gain Productions","25FlTpHFipI3I3Xor2HpCB","Dark Electro","[""Electro Industrial"", ""Dark Wave"", ""Dark Electro""]"
"Reaper","Vasi Vallis","DE","Infacted Recordings","75klPfIVnyYcyEGaicRUSF","Dark Electro","[""Future Pop"", ""Dark Synthpop"", ""Electro Industrial""]"
"Rendered","Daniel Myer, Clément Perez","DE","aufnahme + wiedergabe","0ku2wH38bbjXZls6OFbSVE","Crossover","[""Industrial Techno"", ""Dark Techno"", ""Darkstep""]"
"Reptilicus","Unbekannt","IS","Artoffact Records","5D3d9sW1q8DG91P3IfW4HJ","Dark Electro","[""Industrial"", ""Rhythmic Noise"", ""Dark Electro""]"
"Rhys Fulber","Rhys Fulber","CA","Artoffact Records","3aswb2tJV8Qys1Xufxn59P","Dark Electro","[""Electro Industrial"", ""Electronic Body Music"", ""Dark Electro""]"
"Rome","Jerome Reuter","LU","Trisol","6C5G4YRhQLa6pB7RSf59lQ","Gothic","[""Neofolk"", ""Pagan Folk"", ""Dark Wave""]"
"Rotersand","Rascal Nikov, Krischan Wesenberg","DE","Dependent Records","0zUDeBCtajKzgNJTeWQiNi","Dark Electro","[""Future Pop"", ""Electro Industrial"", ""Dark Synthpop""]"
"Satori","Dave Kirby","UK","Cold Spring","5nri3hyKmKBGAfvjBi0mK0","Dark Electro","[""Industrial"", ""Rhythmic Noise"", ""Dark Electro""]"
"Scandroid","Klayton","US","FiXT","27qG899eLldfpYtPr3S3NJ","Crossover","[""Darksynth"", ""Industrial Techno"", ""Cybergoth""]"
"Scarlet's Remains","Tony McKormack","US","Dark Dimensions","0dHj7e9CDSgk0VfA9ViTTH","Gothic","[""Gothic Rock"", ""Dark Wave"", ""Deathrock""]"
"Schloss Tegal","Richard Schneider","US","Cold Spring","6Xpyj6MtNNJucYv60MiwUz","Gothic","[""Ritual Ambient"", ""Dark Wave"", ""Neofolk""]"
"Schwefelgelb","Sid, Eddy","DE","aufnahme + wiedergabe","0gvrCzDfdcHWrTOanKBlJL","Crossover","[""Industrial Techno"", ""Dark Techno"", ""Darkstep""]"
"SDH","Andrea P. Latorre","ES","Artoffact Records","5kN8SrSWVuOBfC27WztXCa","Gothic","[""Post Punk"", ""Dark Wave"", ""Cold Wave""]"
"Seabound","Frank M. Spinath","DE","Dependent Records","3LaHU3Xcdpq4UvTj74uYiK","Dark Electro","[""Future Pop"", ""Dark Synthpop"", ""Electro Industrial""]"
"SEDVS","Unbekannt","AT","aufnahme + wiedergabe","4MoCPQEZqegox8Ng6SUGrb","Dark Electro","[""Industrial"", ""Rhythmic Noise"", ""Dark Electro""]"
"Seeming","Alex Reed","US","Artoffact Records","3ddHr07lVWei2wkTMiR245","Dark Electro","[""Electro Industrial"", ""Dark Electro"", ""Electronic Body Music""]"
"She Spread Sorrow","Alice Kudale","IT","Cold Spring","0LrdutWJfsM1Tux8ZBE5b1","Gothic","[""Neofolk"", ""Ritual Ambient"", ""Dark Wave""]"
"Sickret","Unbekannt","CH","Darktunes","4zI5PvVqjRXMGgJoiMUh9V","Dark Electro","[""Electro Industrial"", ""Electronic Body Music"", ""Dark Electro""]"
"Silent Servant","Juan Mendez","US","aufnahme + wiedergabe","1QwvlTkLsKbaB3JT1AV245","Crossover","[""Industrial Techno"", ""Dark Techno"", ""Death Industrial""]"
"Smash Hit Combo","Unbekannt","FR","Darktunes","7n9ZfBhbU4NJNSHNZWl76a","Crossover","[""Industrial Metal"", ""Neue Deutsche Härte"", ""Cybergoth""]"
"Sonologyst","Unbekannt","IT","Cold Spring","56zU2a284yjsGOESFRFjaj","Gothic","[""Ritual Ambient"", ""Dark Wave"", ""Neofolk""]"
"Sopor Aeternus & the Ensemble of Shadows","Anna-Varney Cantodea","DE","Trisol","4DJ9mOfSKt9vg0Zhlwf6te","Gothic","[""Neoklassik"", ""Ethereal Wave"", ""Dark Wave""]"
"Spark!","Mattias Ziessow","SE","Progress Productions","2AQjGvtT0pFYfxR3neFcvz","Dark Electro","[""Electronic Body Music"", ""Electro Industrial"", ""Dark Electro""]"
"Stoneman","Mikki Chixx","CH","Danse Macabre","4UdeGyaC8XMy4ivRLlmhjJ","Gothic","[""Dark Wave"", ""Neue Deutsche Todeskunst"", ""Dark Synthpop""]"
"Suicide Commando","Johan Van Roy","BE","Metropolis Records","4N99bzdRBNRi7hGNCpMuhu","Dark Electro","[""Aggrotech"", ""Dark Electro"", ""Harsh EBM""]"
"SUPERNOVA 1006","Unbekannt","RU","Negative Gain Productions","1NIk8nxtiRbQuib3gWrcZV","Dark Electro","[""Industrial"", ""Rhythmic Noise"", ""Dark Electro""]"
"Sutcliffe Jügend","Kevin Tomkins, Paul Taylor","UK","Cold Spring","1ZcuN8s3tJXMBUghpTZbSe","Dark Electro","[""Industrial"", ""Rhythmic Noise"", ""Dark Electro""]"
"SynthAttack","Martin","DE","Darktunes","0S4nKPIOOkvUENAd5rC3AP","Dark Electro","[""Harsh EBM"", ""Aggrotech"", ""Electronic Body Music""]"
"System Noire","Unbekannt","DE","Danse Macabre","2u1z0DBDnSbLb6lVF7vYWU","Gothic","[""Neue Deutsche Todeskunst"", ""Dark Synthpop"", ""Dark Wave""]"
"Tactical Sekt","Anthony Mather","US","NoiTekk","4i2oaeWnQBnCnv9Js9W3V7","Dark Electro","[""Aggrotech"", ""Electro Industrial"", ""Dark Electro""]"
"TenHornedBeast","Christopher Walton","UK","Cold Spring","0q1wwXnaKYeyspixv81uSU","Gothic","[""Ritual Ambient"", ""Dark Wave"", ""Neofolk""]"
"The Birthday Massacre","Chibi, Rainbow, Michael Falcore","CA","Metropolis Records","16AVsBqzmIZTNHd0eX8VbK","Gothic","[""Dark Wave"", ""Gothic Rock"", ""Dark Synthpop""]"
"The New Blockaders","Richard Rupenus","UK","Cold Spring","5tfrbrFAOwwGVFvQ4hAhom","Dark Electro","[""Industrial"", ""Rhythmic Noise"", ""Dark Electro""]"
"The Original Sin","Unbekannt","DE","Darktunes","0A7qQa4DOio4PYN2IdKHzm","Gothic","[""Dark Wave"", ""Gothic Rock"", ""Cold Wave""]"
"The Silverblack","Neroargento","IT","Darktunes","0ckgPY5JROBCK0hB6tAG5r","Gothic","[""Dark Wave"", ""Gothic Rock"", ""Cold Wave""]"
"The Telescopes","Stephen Lawrie","UK","Cold Spring","5MTQzge85m3QSefD2LdS1J","Gothic","[""Post Punk"", ""Gothic Rock"", ""Dark Wave""]"
"Toal","Heiko Lachmann","DE","Darktunes","5bXdZCX0SLxXcZJIv62XZH","Dark Electro","[""Electro Industrial"", ""Electronic Body Music"", ""Dark Electro""]"
"Tommi Stumpff","Tommi Stumpff","DE","Danse Macabre","7LbOyaXZUgPf4CyFGhUSUG","Gothic","[""Neue Deutsche Todeskunst"", ""Dark Wave"", ""Electronic Body Music""]"
"Torul","Torulsson","SI","Infacted Recordings","56EBe1vvPPsv7Pk5rAaSck","Dark Electro","[""Future Pop"", ""Electro Industrial"", ""Dark Synthpop""]"
"Totentanz Strumpfsockig","Unbekannt","DE","Danse Macabre","3NsimS3vWqiR8dG8IMYd1z","Gothic","[""Dark Wave"", ""Cold Wave"", ""Post Punk""]"
"TRAITRS","Shawn Tucker, Sean-Patrick Nolan","CA","Metropolis Records","3r7VhSKMedZrOa3zCD3e7X","Gothic","[""Post Punk"", ""Dark Wave"", ""Cold Wave""]"
"Trepaneringsritualen","Thomas Martin Ekelund","SE","Cold Spring","6rzZc4WycWXbvq1oU3gV5R","Crossover","[""Death Industrial"", ""Industrial"", ""Rhythmic Noise""]"
"Troum","Stefan Knappe","DE","Cold Spring","4A5utnjUJnjAJigB8XGJjD","Gothic","[""Ritual Ambient"", ""Dark Wave"", ""Neofolk""]"
"Tunnels Of Āh","Stephen Ah Burroughs","UK","Cold Spring","7zhTCpsTpQHDDSjew55okE","Dark Electro","[""Industrial"", ""Ritual Ambient"", ""Rhythmic Noise""]"
"Unterschicht","Unbekannt","DE","Danse Macabre","6qJl22TDoBPVzAQX8P8oOa","Gothic","[""Neue Deutsche Todeskunst"", ""Dark Wave"", ""Electronic Body Music""]"
"Vanguard","Jonas Olofsson, Patrik Hansson","SE","Infacted Recordings","5A1EDnSFUMMfYX6XMBFNj6","Dark Electro","[""Electronic Body Music"", ""Electro Industrial"", ""Dark Electro""]"
"Vioflesh","Unbekannt","DE","Darktunes","28D07CaIZSfHVqlrlgtb70","Dark Electro","[""Industrial"", ""Rhythmic Noise"", ""Dark Electro""]"
"VNV Nation","Ronan Harris","IE","Dependent Records","4KlYg0F5KG9QNDFKaeTNAy","Dark Electro","[""Future Pop"", ""Electro Industrial"", ""Dark Synthpop""]"
"White Ritual","Kylreez","DE","Darktunes","0QUBaF6Rtta4TTmxYYfzux","Dark Electro","[""Industrial"", ""Rhythmic Noise"", ""Dark Electro""]"
"Winterkälte","Udo Wiessmann","DE","Hands Productions","36jMvCtWXxabTlb8cmpYuA","Dark Electro","[""Rhythmic Noise"", ""Industrial"", ""Dark Electro""]"
"Wisborg","Konstantin Michaely","DE","Danse Macabre","2462kIrZ0nXoeuEeeYSKon","Gothic","[""Dark Wave"", ""Neue Deutsche Todeskunst"", ""Cold Wave""]"
"Wumpscut","Rudy Ratzinger","DE","Beton Kopf Media","3TTbkikkCAbUg2j5i9UrTV","Dark Electro","[""Dark Electro"", ""Aggrotech"", ""Harsh EBM""]"
"XTR HUMAN","Johannes Stabel","DE","Negative Gain Productions","2rZkWg6RaoiuFmHrtrh0T4","Gothic","[""Post Punk"", ""Industrial"", ""Dark Wave""]"
"Z'EV","Stefan Weisser","US","Cold Spring","55IyYO6fmYpYw6Nd4YF7bw","Dark Electro","[""Industrial"", ""Rhythmic Noise"", ""Dark Electro""]"
"Zeni Geva","KK Null","JP","Cold Spring","6kK9Cr3vkM5F8JrdMDSyET","Crossover","[""Industrial Metal"", ""Rhythmic Noise"", ""Dark Techno""]"
"Zos Kia","John Gosling","UK","Cold Spring","6yPhBJflyCWhiDFJR1Q65o","Dark Electro","[""Industrial"", ""Rhythmic Noise"", ""Dark Electro""]"
